Label,Protocol Type,Rate,Tot size,IAT,size_kb,rate_mbps,coef_variacion,total_flags,protocolo_principal,rango_iat
Mirai-greip_flood,47,2109.927612,578.0,0.000475,0.564453,0.00211,0.0,0.0,IPv,medio
Mirai-greip_flood,47,5564.803906,578.0,0.000181,0.564453,0.005565,0.0,0.0,IPv,medio
Mirai-greip_flood,47,1789.707156,564.64,0.00056,0.551406,0.00179,0.137095,0.0,DNS,medio
Mirai-greip_flood,47,2923.022886,578.0,0.0004,0.564453,0.002923,0.0,0.0,IPv,medio
Mirai-greip_flood,47,600.243572,545.88,0.001667,0.533086,0.0006,0.218957,0.0,DNS,alto
Mirai-greip_flood,47,4066.533517,567.78,0.000247,0.554473,0.004067,0.126646,0.02,TCP,medio
Mirai-greip_flood,47,8900.757592,578.0,0.000113,0.564453,0.008901,0.0,0.0,IPv,medio
Mirai-greip_flood,47,4164.2382,578.0,0.00024,0.564453,0.004164,0.0,0.0,IPv,medio
Mirai-greip_flood,47,5179.751775,573.08,0.000194,0.559648,0.00518,0.085852,0.0,DNS,medio
Mirai-greip_flood,47,5205.07812,570.84,0.000192,0.557461,0.005205,0.088243,0.0,UDP,medio
Mirai-greip_flood,47,10183.315529,572.76,0.000098,0.559336,0.010183,0.091487,0.01,TCP,medio
Mirai-greip_flood,47,2709.586227,568.07,0.000369,0.554756,0.00271,0.122992,0.02,HTTPS,medio
Mirai-greip_flood,47,10355.283429,578.0,0.000097,0.564453,0.010355,0.0,0.0,IPv,medio
Mirai-greip_flood,47,8265.778531,578.0,0.000121,0.564453,0.008266,0.0,0.0,IPv,medio
Mirai-greip_flood,47,6009.634204,567.74,0.000166,0.554434,0.00601,0.127145,0.0,ARP,medio
Mirai-greip_flood,47,3124.225518,568.28,0.000322,0.554961,0.003124,0.120417,0.02,HTTPS,medio
Mirai-greip_flood,47,8833.089041,567.83,0.000115,0.554521,0.008833,0.126007,0.0,DNS,medio
Mirai-greip_flood,47,7605.817285,573.43,0.000131,0.55999,0.007606,0.079696,0.0,DNS,medio
Mirai-greip_flood,47,7370.324032,578.0,0.000137,0.564453,0.00737,0.0,0.0,IPv,medio
Mirai-greip_flood,47,4032.596866,578.0,0.000249,0.564453,0.004033,0.0,0.0,IPv,medio
Mirai-greip_flood,47,1986.851916,578.12,0.000505,0.56457,0.001987,0.002076,0.0,ICMP,medio
Mirai-greip_flood,47,2734.565559,562.84,0.000468,0.549648,0.002735,0.154029,0.0,ARP,medio
Mirai-greip_flood,47,6911.827036,578.0,0.000146,0.564453,0.006912,0.0,0.0,IPv,medio
Mirai-greip_flood,47,11189.58489,578.0,0.000091,0.564453,0.01119,0.0,0.0,IPv,medio
Mirai-greip_flood,47,6108.002155,568.09,0.000166,0.554775,0.006108,0.122879,0.02,DNS,medio
Mirai-greip_flood,47,3221.877064,563.2,0.00031,0.55,0.003222,0.155326,0.04,DNS,medio
Mirai-greip_flood,47,4544.454196,563.28,0.00022,0.550078,0.004544,0.149822,0.0,DNS,medio
Mirai-greip_flood,47,13197.935809,578.0,0.000076,0.564453,0.013198,0.0,0.0,IPv,medio
Mirai-greip_flood,47,4686.687376,572.82,0.000215,0.559395,0.004687,0.09043,0.0,ARP,medio
Mirai-greip_flood,47,5256.481145,569.1,0.000192,0.555762,0.005256,0.111523,0.02,TCP,medio
Mirai-greip_flood,47,5741.532059,572.8,0.000176,0.559375,0.005742,0.090782,0.02,TCP,medio
Mirai-greip_flood,47,11724.447923,578.0,0.000085,0.564453,0.011724,0.0,0.0,IPv,medio
Mirai-greip_flood,47,3872.642328,572.82,0.000258,0.559395,0.003873,0.09043,0.0,ARP,medio
Mirai-greip_flood,47,12510.9739,572.8,0.00008,0.559375,0.012511,0.090782,0.01,TCP,medio
Mirai-greip_flood,47,5322.85591,572.82,0.000188,0.559395,0.005323,0.09043,0.0,ARP,medio
Mirai-greip_flood,47,7610.923806,578.0,0.000132,0.564453,0.007611,0.0,0.0,IPv,medio
Mirai-greip_flood,47,2245.573158,562.32,0.000446,0.549141,0.002246,0.138946,0.03,HTTPS,medio
Mirai-greip_flood,47,4371.388967,573.08,0.000229,0.559648,0.004371,0.087992,0.02,HTTP,medio
Mirai-greip_flood,47,5758.717083,573.45,0.000174,0.56001,0.005759,0.079344,0.02,TCP,medio
Mirai-greip_flood,47,5546.62717,578.0,0.000181,0.564453,0.005547,0.0,0.0,IPv,medio
Mirai-greip_flood,47,6129.335087,573.45,0.000163,0.56001,0.006129,0.079344,0.02,TCP,medio
Mirai-greip_flood,47,2798.534779,567.62,0.000358,0.554316,0.002799,0.128653,0.02,TCP,medio
Mirai-greip_flood,47,5284.295667,572.8,0.000189,0.559375,0.005284,0.090782,0.02,TCP,medio
Mirai-greip_flood,47,5418.577371,578.0,0.000186,0.564453,0.005419,0.0,0.0,IPv,medio
Mirai-greip_flood,47,5171.449356,574.52,0.000195,0.561055,0.005171,0.060572,0.0,UDP,medio
Mirai-greip_flood,47,13757.229074,578.0,0.000073,0.564453,0.013757,0.0,0.0,IPv,medio
Mirai-greip_flood,47,13693.00382,578.0,0.000075,0.564453,0.013693,0.0,0.0,IPv,medio
Mirai-greip_flood,47,7995.546914,578.0,0.000125,0.564453,0.007996,0.0,0.0,IPv,medio
Mirai-greip_flood,47,3526.106768,578.0,0.000286,0.564453,0.003526,0.0,0.0,IPv,medio
Mirai-greip_flood,47,2504.944428,568.02,0.0004,0.554707,0.002505,0.1237,0.0,ARP,medio
Mirai-greip_flood,47,2273.754513,562.46,0.000443,0.549277,0.002274,0.157895,0.0,ARP,medio
Mirai-greip_flood,47,6259.781506,572.82,0.00016,0.559395,0.00626,0.09043,0.0,ARP,medio
Mirai-greip_flood,47,1346.840581,572.76,0.000742,0.559336,0.001347,0.091487,0.01,TCP,medio
Mirai-greip_flood,47,2384.238111,573.44,0.000421,0.56,0.002384,0.088072,0.02,HTTPS,medio
Mirai-greip_flood,47,4386.934284,578.0,0.00023,0.564453,0.004387,0.0,0.0,IPv,medio
Mirai-greip_flood,47,2350.079283,568.75,0.000426,0.55542,0.00235,0.121707,0.0,ARP,medio
Mirai-greip_flood,47,6700.166134,578.0,0.000151,0.564453,0.0067,0.0,0.0,IPv,medio
Mirai-greip_flood,47,8786.458857,578.0,0.000114,0.564453,0.008786,0.0,0.0,IPv,medio
Mirai-greip_flood,47,2395.499483,578.0,0.000418,0.564453,0.002395,0.0,0.0,IPv,medio
Mirai-greip_flood,47,6011.787639,578.0,0.000167,0.564453,0.006012,0.0,0.0,IPv,medio
Mirai-greip_flood,47,5780.30374,578.0,0.000173,0.564453,0.00578,0.0,0.0,IPv,medio
Mirai-greip_flood,47,5979.732543,578.0,0.000167,0.564453,0.00598,0.0,0.0,IPv,medio
Mirai-greip_flood,47,5656.741338,572.82,0.000177,0.559395,0.005657,0.09043,0.0,ARP,medio
Mirai-greip_flood,47,2524.225756,578.0,0.000398,0.564453,0.002524,0.0,0.0,IPv,medio
Mirai-greip_flood,47,1262.355986,568.64,0.000794,0.555312,0.001262,0.115848,0.04,HTTPS,medio
Mirai-greip_flood,47,3055.113338,553.91,0.000329,0.540928,0.003055,0.19071,0.0,DNS,medio
Mirai-greip_flood,47,1095.613423,538.77,0.000914,0.526143,0.001096,0.249479,0.03,HTTPS,medio
Mirai-greip_flood,47,4609.378537,568.22,0.000218,0.554902,0.004609,0.121225,0.03,HTTPS,medio
Mirai-greip_flood,47,9595.095281,578.0,0.000105,0.564453,0.009595,0.0,0.0,IPv,medio
Mirai-greip_flood,47,12711.552916,578.0,0.00008,0.564453,0.012712,0.0,0.0,IPv,medio
Mirai-greip_flood,47,3437.503278,578.0,0.000296,0.564453,0.003438,0.0,0.0,IPv,medio
Mirai-greip_flood,47,2939.101796,572.96,0.000344,0.559531,0.002939,0.216646,0.01,HTTPS,medio
Mirai-greip_flood,47,5214.072251,578.0,0.000193,0.564453,0.005214,0.0,0.0,IPv,medio
Mirai-greip_flood,47,6741.30316,572.8,0.00015,0.559375,0.006741,0.090782,0.02,TCP,medio
Mirai-greip_flood,47,7823.588443,578.0,0.000128,0.564453,0.007824,0.0,0.0,IPv,medio
Mirai-greip_flood,47,7789.44397,568.33,0.00013,0.55501,0.007789,0.119915,0.03,HTTPS,medio
Mirai-greip_flood,47,7572.859567,578.0,0.000133,0.564453,0.007573,0.0,0.0,IPv,medio
Mirai-greip_flood,47,2170.470493,563.06,0.000462,0.549863,0.00217,0.156731,0.03,HTTP,medio
Mirai-greip_flood,47,3789.440208,567.62,0.000268,0.554316,0.003789,0.128653,0.02,TCP,medio
Mirai-greip_flood,47,8552.124623,578.0,0.000117,0.564453,0.008552,0.0,0.0,IPv,medio
Mirai-greip_flood,47,1684.40532,562.83,0.000596,0.549639,0.001684,0.154062,0.01,HTTPS,medio
Mirai-greip_flood,47,638.362598,537.19,0.001567,0.5246,0.000638,0.259109,0.03,HTTPS,alto
Mirai-greip_flood,47,3872.964163,572.82,0.00026,0.559395,0.003873,0.09043,0.0,ARP,medio
Mirai-greip_flood,47,6845.049368,563.36,0.000147,0.550156,0.006845,0.149129,0.02,DNS,medio
Mirai-greip_flood,47,5285.694122,569.16,0.000191,0.55582,0.005286,0.110992,0.02,TCP,medio
Mirai-greip_flood,47,702.879014,545.14,0.001425,0.532363,0.000703,0.222408,0.05,HTTPS,alto
Mirai-greip_flood,47,6725.844679,575.26,0.000151,0.561777,0.006726,0.047631,0.0,DNS,medio
Mirai-greip_flood,47,3370.516148,578.0,0.000297,0.564453,0.003371,0.0,0.0,IPv,medio
Mirai-greip_flood,47,688.562709,551.72,0.001454,0.538789,0.000689,0.177946,0.01,TCP,alto
Mirai-greip_flood,47,597.460478,544.98,0.001674,0.532207,0.000597,0.373255,0.14,HTTPS,alto
Mirai-greip_flood,47,1175.599529,526.7,0.000858,0.514355,0.001176,0.279725,0.03,HTTPS,medio
Mirai-greip_flood,47,6884.598592,572.8,0.000146,0.559375,0.006885,0.090782,0.02,TCP,medio
Mirai-greip_flood,47,5846.942218,578.0,0.000171,0.564453,0.005847,0.0,0.0,IPv,medio
Mirai-greip_flood,47,11304.487508,567.62,0.000089,0.554316,0.011304,0.128653,0.02,TCP,medio
Mirai-greip_flood,47,5775.289501,572.96,0.000173,0.559531,0.005775,0.087964,0.02,HTTPS,medio
Mirai-greip_flood,47,5819.037445,574.52,0.000173,0.561055,0.005819,0.060572,0.0,UDP,medio
Mirai-greip_flood,47,1670.897654,572.8,0.000599,0.559375,0.001671,0.090782,0.02,TCP,medio
Mirai-greip_flood,47,5165.844346,578.0,0.000194,0.564453,0.005166,0.0,0.0,IPv,medio
Mirai-greip_flood,47,3450.171098,578.0,0.00029,0.564453,0.00345,0.0,0.0,IPv,medio
Mirai-greip_flood,47,728.242258,554.54,0.001375,0.541543,0.000728,0.187793,0.0,DNS,alto
Mirai-greip_flood,47,2789.934614,578.0,0.00036,0.564453,0.00279,0.0,0.0,IPv,medio
Mirai-greip_flood,47,2753.306157,578.0,0.000364,0.564453,0.002753,0.0,0.0,IPv,medio
Mirai-greip_flood,47,6665.348737,568.17,0.000151,0.554854,0.006665,0.121927,0.01,DNS,medio
Mirai-greip_flood,47,3244.105499,572.82,0.000308,0.559395,0.003244,0.09043,0.0,ARP,medio
Mirai-greip_flood,47,5727.732561,578.0,0.000175,0.564453,0.005728,0.0,0.0,IPv,medio
Mirai-greip_flood,47,3724.000036,572.82,0.00027,0.559395,0.003724,0.09043,0.0,ARP,medio
Mirai-greip_flood,47,12277.329274,578.0,0.000084,0.564453,0.012277,0.0,0.0,IPv,medio
Mirai-greip_flood,47,7792.917394,578.0,0.00013,0.564453,0.007793,0.0,0.0,IPv,medio
Mirai-greip_flood,47,3595.569729,572.82,0.000279,0.559395,0.003596,0.09043,0.0,ARP,medio
Mirai-greip_flood,47,9755.1028,572.82,0.000103,0.559395,0.009755,0.09043,0.0,ARP,medio
Mirai-greip_flood,47,11285.325297,578.0,0.000089,0.564453,0.011285,0.0,0.0,IPv,medio
Mirai-greip_flood,47,8737.587234,578.0,0.000114,0.564453,0.008738,0.0,0.0,IPv,medio
Mirai-greip_flood,47,8211.566624,578.0,0.000122,0.564453,0.008212,0.0,0.0,IPv,medio
Mirai-greip_flood,47,4385.191381,568.35,0.000228,0.555029,0.004385,0.119781,0.03,HTTPS,medio
Mirai-greip_flood,47,5591.585234,568.02,0.000179,0.554707,0.005592,0.1237,0.0,ARP,medio
Mirai-greip_flood,47,9793.368824,573.2,0.000103,0.559766,0.009793,0.08374,0.0,ICMP,medio
Mirai-greip_flood,47,6383.6357,578.0,0.000157,0.564453,0.006384,0.0,0.0,IPv,medio
Mirai-greip_flood,47,11611.815841,578.0,0.000087,0.564453,0.011612,0.0,0.0,IPv,medio
Mirai-greip_flood,47,4979.348007,575.67,0.000201,0.562178,0.004979,0.040475,0.0,DNS,medio
Mirai-greip_flood,47,2705.636011,569.12,0.00037,0.555781,0.002706,0.111575,0.02,TCP,medio
Mirai-greip_flood,47,9805.732454,573.2,0.000104,0.559766,0.009806,0.08374,0.0,ICMP,medio
Mirai-greip_flood,47,4483.92042,573.2,0.000223,0.559766,0.004484,0.08374,0.0,ICMP,medio
Mirai-greip_flood,47,1405.046949,567.78,0.000712,0.554473,0.001405,0.126646,0.0,DNS,medio
Mirai-greip_flood,47,454.574461,549.66,0.002306,0.536777,0.000455,0.207448,0.06,TCP,alto
Mirai-greip_flood,47,407.386823,549.89,0.002463,0.537002,0.000407,0.206084,0.04,HTTPS,alto
Mirai-greip_flood,47,12083.1528,578.0,0.000083,0.564453,0.012083,0.0,0.0,IPv,medio
Mirai-greip_flood,47,4717.418542,573.2,0.000212,0.559766,0.004717,0.08374,0.0,ICMP,medio
Mirai-greip_flood,47,5409.841225,569.04,0.000186,0.555703,0.00541,0.112391,0.03,TCP,medio
Mirai-greip_flood,47,6933.306885,578.0,0.000145,0.564453,0.006933,0.0,0.0,IPv,medio
Mirai-greip_flood,47,1891.149126,562.44,0.000529,0.549258,0.001891,0.158104,0.01,TCP,medio
Mirai-greip_flood,47,5224.39869,567.64,0.000193,0.554336,0.005224,0.128401,0.0,ARP,medio
Mirai-greip_flood,47,8764.976073,578.0,0.000115,0.564453,0.008765,0.0,0.0,IPv,medio
Mirai-greip_flood,47,4889.491968,578.0,0.000205,0.564453,0.004889,0.0,0.0,IPv,medio
Mirai-greip_flood,47,3365.97196,578.0,0.000299,0.564453,0.003366,0.0,0.0,IPv,medio
Mirai-greip_flood,47,4117.957076,578.0,0.000287,0.564453,0.004118,0.0,0.0,IPv,medio
Mirai-greip_flood,47,6844.602556,578.0,0.000147,0.564453,0.006845,0.0,0.0,IPv,medio
Mirai-greip_flood,47,5293.231868,578.0,0.00019,0.564453,0.005293,0.0,0.0,IPv,medio
Mirai-greip_flood,47,6911.371463,562.82,0.000145,0.549629,0.006911,0.154227,0.0,DNS,medio
Mirai-greip_flood,47,2876.120467,578.0,0.000348,0.564453,0.002876,0.0,0.0,IPv,medio
Mirai-greip_flood,47,2293.586189,558.42,0.000437,0.545332,0.002294,0.172741,0.0,ARP,medio
Mirai-greip_flood,47,4042.390948,573.45,0.00025,0.56001,0.004042,0.079344,0.02,TCP,medio
Mirai-greip_flood,47,4802.161618,573.08,0.000234,0.559648,0.004802,0.085852,0.0,DNS,medio
Mirai-greip_flood,47,4109.645307,578.0,0.000244,0.564453,0.00411,0.0,0.0,IPv,medio
Mirai-greip_flood,47,12548.77932,574.52,0.000081,0.561055,0.012549,0.060572,0.0,UDP,medio
Mirai-greip_flood,47,4375.036769,578.0,0.00023,0.564453,0.004375,0.0,0.0,IPv,medio
Mirai-greip_flood,47,761.458539,547.44,0.001313,0.534609,0.000761,0.22224,0.02,HTTPS,alto
Mirai-greip_flood,47,3660.046947,578.0,0.000274,0.564453,0.00366,0.0,0.0,IPv,medio
Mirai-greip_flood,47,4467.681426,562.98,0.000224,0.549785,0.004468,0.152547,0.02,HTTPS,medio
Mirai-greip_flood,47,4408.004036,572.96,0.000228,0.559531,0.004408,0.087964,0.0,DNS,medio
Mirai-greip_flood,47,2215.281908,567.64,0.000453,0.554336,0.002215,0.128401,0.0,ARP,medio
Mirai-greip_flood,47,2772.855226,572.82,0.000362,0.559395,0.002773,0.09043,0.0,ARP,medio
Mirai-greip_flood,47,6104.623983,578.0,0.000164,0.564453,0.006105,0.0,0.0,IPv,medio
Mirai-greip_flood,47,4603.863716,572.82,0.000217,0.559395,0.004604,0.09043,0.0,ARP,medio
Mirai-greip_flood,47,1822.22396,557.28,0.00055,0.544219,0.001822,0.183065,0.0,ARP,medio
Mirai-greip_flood,47,2560.95348,562.46,0.000392,0.549277,0.002561,0.157895,0.0,ARP,medio
Mirai-greip_flood,47,2038.77177,567.64,0.000495,0.554336,0.002039,0.128401,0.0,ARP,medio
Mirai-greip_flood,47,3728.701094,578.0,0.00027,0.564453,0.003729,0.0,0.0,IPv,medio
Mirai-greip_flood,47,6231.323726,572.8,0.000162,0.559375,0.006231,0.090782,0.01,TCP,medio
Mirai-greip_flood,47,3721.885122,557.26,0.00027,0.544199,0.003722,0.183248,0.02,TCP,medio
Mirai-greip_flood,47,1567.940666,564.65,0.000639,0.551416,0.001568,0.138815,0.0,ARP,medio
Mirai-greip_flood,47,3527.589571,578.0,0.000283,0.564453,0.003528,0.0,0.0,IPv,medio
Mirai-greip_flood,47,1308.867135,562.42,0.000764,0.549238,0.001309,0.158312,0.03,TCP,medio
Mirai-greip_flood,47,1683.364237,572.82,0.000597,0.559395,0.001683,0.09043,0.0,ARP,medio
Mirai-greip_flood,47,1045.663826,578.0,0.000956,0.564453,0.001046,0.0,0.0,IPv,medio
Mirai-greip_flood,47,3108.089042,573.2,0.000322,0.559766,0.003108,0.08374,0.0,ICMP,medio
Mirai-greip_flood,47,6870.9521,573.35,0.000148,0.559912,0.006871,0.081102,0.02,HTTPS,medio
Mirai-greip_flood,47,1495.508807,578.0,0.00067,0.564453,0.001496,0.0,0.0,IPv,medio
Mirai-greip_flood,47,2772.763572,566.9,0.000361,0.553613,0.002773,0.127254,0.05,HTTPS,medio
Mirai-greip_flood,47,4062.201216,563.28,0.000248,0.550078,0.004062,0.14962,0.04,HTTPS,medio
Mirai-greip_flood,47,4655.527066,574.81,0.000215,0.561338,0.004656,0.055497,0.0,DNS,medio
Mirai-greip_flood,47,2725.538538,578.0,0.000368,0.564453,0.002726,0.0,0.0,IPv,medio
Mirai-greip_flood,47,11838.28394,572.82,0.000085,0.559395,0.011838,0.09043,0.0,ARP,medio
Mirai-greip_flood,47,4012.536114,572.82,0.000251,0.559395,0.004013,0.09043,0.0,ARP,medio
Mirai-greip_flood,47,10402.797688,578.0,0.000177,0.564453,0.010403,0.0,0.0,IPv,medio
Mirai-greip_flood,47,3616.527557,572.82,0.000277,0.559395,0.003617,0.09043,0.0,ARP,medio
Mirai-greip_flood,47,10154.470403,578.0,0.000098,0.564453,0.010154,0.0,0.0,IPv,medio
Mirai-greip_flood,47,7234.926604,573.57,0.000138,0.560127,0.007235,0.079376,0.02,TCP,medio
Mirai-greip_flood,47,4873.301033,572.82,0.000205,0.559395,0.004873,0.09043,0.0,ARP,medio
Mirai-greip_flood,47,6719.487344,578.0,0.000149,0.564453,0.006719,0.0,0.0,IPv,medio
Mirai-greip_flood,47,2616.077042,572.82,0.000384,0.559395,0.002616,0.09043,0.0,ARP,medio
Mirai-greip_flood,47,1151.142826,569.64,0.000872,0.556289,0.001151,0.104716,0.0,UDP,medio
Mirai-greip_flood,47,2167.69979,578.12,0.000462,0.56457,0.002168,0.002076,0.0,ICMP,medio
Mirai-greip_flood,47,1669.255138,557.37,0.00061,0.544307,0.001669,0.168933,0.0,DNS,medio
Mirai-greip_flood,47,1073.513724,567.94,0.000933,0.554629,0.001074,0.124673,0.0,DNS,medio
Mirai-greip_flood,47,1147.935563,559.26,0.000872,0.546152,0.001148,0.166447,0.01,TCP,medio
Mirai-greip_flood,47,12217.249716,578.0,0.000084,0.564453,0.012217,0.0,0.0,IPv,medio
Mirai-greip_flood,47,3595.169074,572.82,0.00028,0.559395,0.003595,0.09043,0.0,ARP,medio
Mirai-greip_flood,47,477.281174,507.75,0.002099,0.49585,0.000477,0.500607,0.13,HTTPS,alto
Mirai-greip_flood,47,2620.342731,558.94,0.000383,0.54584,0.00262,0.168642,0.01,DNS,medio
Mirai-greip_flood,47,2886.075044,554.66,0.00035,0.54166,0.002886,0.188054,0.03,HTTPS,medio
Mirai-greip_flood,47,1618.597472,570.52,0.000618,0.557148,0.001619,0.098969,0.0,UDP,medio
Mirai-greip_flood,47,4029.149175,578.0,0.000248,0.564453,0.004029,0.0,0.0,IPv,medio
Mirai-greip_flood,47,4965.730184,578.0,0.000201,0.564453,0.004966,0.0,0.0,IPv,medio
Mirai-greip_flood,47,10242.750739,578.0,0.000099,0.564453,0.010243,0.0,0.0,IPv,medio
Mirai-greip_flood,47,13615.107324,578.0,0.000074,0.564453,0.013615,0.0,0.0,IPv,medio
Mirai-greip_flood,47,3816.230085,578.0,0.000262,0.564453,0.003816,0.0,0.0,IPv,medio
Mirai-greip_flood,47,3832.759771,567.94,0.000262,0.554629,0.003833,0.124673,0.0,UDP,medio
Mirai-greip_flood,47,6036.793851,573.77,0.000167,0.560322,0.006037,0.277756,0.08,HTTPS,medio
Mirai-greip_flood,47,2157.36403,552.32,0.000465,0.539375,0.002157,0.203714,0.04,HTTPS,medio
Mirai-greip_flood,47,2429.53695,558.03,0.000412,0.544951,0.00243,0.176745,0.03,HTTPS,medio
Mirai-greip_flood,47,5958.410637,578.0,0.000169,0.564453,0.005958,0.0,0.0,IPv,medio
Mirai-greip_flood,47,8527.954781,578.0,0.000118,0.564453,0.008528,0.0,0.0,IPv,medio
Mirai-greip_flood,47,8210.762876,578.0,0.000123,0.564453,0.008211,0.0,0.0,IPv,medio
Mirai-greip_flood,47,7106.821648,578.0,0.000141,0.564453,0.007107,0.0,0.0,IPv,medio
Mirai-greip_flood,47,6076.059684,572.82,0.000166,0.559395,0.006076,0.09043,0.0,ARP,medio
Mirai-greip_flood,47,4664.172764,578.0,0.000214,0.564453,0.004664,0.0,0.0,IPv,medio
Mirai-greip_flood,47,11173.190548,574.87,0.000089,0.561396,0.011173,0.054447,0.0,UDP,medio
Mirai-greip_flood,47,6592.433554,578.12,0.000153,0.56457,0.006592,0.002076,0.0,ICMP,medio
Mirai-greip_flood,47,4145.060679,578.0,0.000242,0.564453,0.004145,0.0,0.0,IPv,medio
Mirai-greip_flood,47,6397.949876,580.04,0.000158,0.566445,0.006398,0.185568,0.0,UDP,medio
Mirai-greip_flood,47,3418.452109,578.0,0.000332,0.564453,0.003418,0.0,0.0,IPv,medio
Mirai-greip_flood,47,11495.653127,578.0,0.000089,0.564453,0.011496,0.0,0.0,IPv,medio
Mirai-greip_flood,47,1798.432381,578.0,0.00056,0.564453,0.001798,0.0,0.0,IPv,medio
Mirai-greip_flood,47,2053.092632,578.0,0.000488,0.564453,0.002053,0.0,0.0,IPv,medio
Mirai-greip_flood,47,2188.134638,578.0,0.000457,0.564453,0.002188,0.0,0.0,IPv,medio
Mirai-greip_flood,47,1811.465738,561.85,0.000553,0.548682,0.001811,0.146112,0.04,HTTPS,medio
Mirai-greip_flood,47,3564.948068,578.0,0.000409,0.564453,0.003565,0.0,0.0,IPv,medio
Mirai-greip_flood,47,4074.315411,578.0,0.000247,0.564453,0.004074,0.0,0.0,IPv,medio
Mirai-greip_flood,47,784.159408,552.38,0.001275,0.539434,0.000784,0.188356,0.0,DNS,alto
Mirai-greip_flood,47,2139.863679,578.0,0.000469,0.564453,0.00214,0.0,0.0,IPv,medio
Mirai-greip_flood,47,4669.157297,578.0,0.000215,0.564453,0.004669,0.0,0.0,IPv,medio
Mirai-greip_flood,47,17079.175829,578.0,0.000059,0.564453,0.017079,0.0,0.0,IPv,medio
Mirai-greip_flood,47,3764.070717,572.82,0.000266,0.559395,0.003764,0.09043,0.0,ARP,medio
Mirai-greip_flood,47,7027.400519,573.2,0.000144,0.559766,0.007027,0.08374,0.0,ICMP,medio
Mirai-greip_flood,47,10794.482191,573.14,0.000093,0.559707,0.010794,0.084796,0.0,DNS,medio
Mirai-greip_flood,47,11756.324803,578.0,0.000086,0.564453,0.011756,0.0,0.0,IPv,medio
Mirai-greip_flood,47,5498.491105,578.0,0.000183,0.564453,0.005498,0.0,0.0,IPv,medio
Mirai-greip_flood,47,3160.169977,578.0,0.000318,0.564453,0.00316,0.0,0.0,IPv,medio
Mirai-greip_flood,47,4855.080449,578.0,0.000207,0.564453,0.004855,0.0,0.0,IPv,medio
Mirai-greip_flood,47,7331.930217,575.24,0.000136,0.561758,0.007332,0.04798,0.0,UDP,medio
Mirai-greip_flood,47,8359.850116,578.0,0.00012,0.564453,0.00836,0.0,0.0,IPv,medio
Mirai-greip_flood,47,1424.661778,573.2,0.000702,0.559766,0.001425,0.08374,0.0,ICMP,medio
Mirai-greip_flood,47,3773.451009,578.0,0.000265,0.564453,0.003773,0.0,0.0,IPv,medio
Mirai-greip_flood,47,5032.218743,572.82,0.000199,0.559395,0.005032,0.09043,0.0,ARP,medio
Mirai-greip_flood,47,3513.70026,578.0,0.000286,0.564453,0.003514,0.0,0.0,IPv,medio
Mirai-greip_flood,47,5755.003362,578.0,0.000175,0.564453,0.005755,0.0,0.0,IPv,medio
Mirai-greip_flood,47,7101.767694,557.9,0.000151,0.544824,0.007102,0.17739,0.02,HTTPS,medio
Mirai-greip_flood,47,10361.422925,578.0,0.000097,0.564453,0.010361,0.0,0.0,IPv,medio
Mirai-greip_flood,47,3031.486434,572.82,0.000332,0.559395,0.003031,0.09043,0.0,ARP,medio
Mirai-greip_flood,47,1621.795601,562.58,0.00062,0.549395,0.001622,0.157913,0.0,ARP,medio
Mirai-greip_flood,47,4471.253438,578.0,0.000224,0.564453,0.004471,0.0,0.0,IPv,medio
Mirai-greip_flood,47,681.919707,552.88,0.001469,0.539922,0.000682,0.199088,0.04,HTTPS,alto
Mirai-greip_flood,47,4807.445614,569.18,0.000211,0.55584,0.004807,0.110701,0.0,UDP,medio
Mirai-greip_flood,47,5047.41871,567.78,0.000199,0.554473,0.005047,0.126646,0.02,HTTPS,medio
Mirai-greip_flood,47,4230.090566,572.82,0.000238,0.559395,0.00423,0.09043,0.0,ARP,medio
Mirai-greip_flood,47,1703.111588,567.92,0.000591,0.554609,0.001703,0.124869,0.04,HTTPS,medio
Mirai-greip_flood,47,8681.1632,578.0,0.000115,0.564453,0.008681,0.0,0.0,IPv,medio
Mirai-greip_flood,47,254.551369,531.28,0.003932,0.518828,0.000255,0.269369,0.01,HTTPS,alto
Mirai-greip_flood,47,1852.918776,578.0,0.00054,0.564453,0.001853,0.0,0.0,IPv,medio
Mirai-greip_flood,47,8016.02324,578.0,0.000126,0.564453,0.008016,0.0,0.0,IPv,medio
Mirai-greip_flood,47,786.906111,512.82,0.001271,0.500801,0.000787,0.332693,0.03,HTTPS,alto
Mirai-greip_flood,47,2003.651598,578.0,0.000501,0.564453,0.002004,0.0,0.0,IPv,medio
Mirai-greip_flood,47,5471.378442,572.82,0.000183,0.559395,0.005471,0.09043,0.0,ARP,medio
Mirai-greip_flood,47,4134.478102,572.82,0.000242,0.559395,0.004134,0.09043,0.0,ARP,medio
Mirai-greip_flood,47,3995.983347,574.37,0.000251,0.560908,0.003996,0.0632,0.0,DNS,medio
Mirai-greip_flood,47,1295.553922,552.04,0.000772,0.539102,0.001296,0.206015,0.02,TCP,medio
Mirai-greip_flood,47,11358.674105,578.0,0.000089,0.564453,0.011359,0.0,0.0,IPv,medio
Mirai-greip_flood,47,8411.824636,573.2,0.00012,0.559766,0.008412,0.08374,0.0,ICMP,medio
Mirai-greip_flood,47,2489.792236,567.64,0.000402,0.554336,0.00249,0.128401,0.0,ARP,medio
Mirai-greip_flood,47,1760.965984,559.38,0.000569,0.54627,0.001761,0.165914,0.02,HTTPS,medio
Mirai-greip_flood,47,4305.338685,574.52,0.000232,0.561055,0.004305,0.060572,0.0,UDP,medio
Mirai-greip_flood,47,2309.358998,552.88,0.000433,0.539922,0.002309,0.199119,0.02,DNS,medio
Mirai-greip_flood,47,4330.721735,568.5,0.000233,0.555176,0.004331,0.117585,0.02,HTTPS,medio
Mirai-greip_flood,47,1528.046399,569.35,0.000655,0.556006,0.001528,0.109094,0.02,DNS,medio
Mirai-greip_flood,47,1607.148495,568.45,0.000623,0.555127,0.001607,0.119837,0.02,DNS,medio
Mirai-greip_flood,47,1678.245213,567.58,0.000598,0.554277,0.001678,0.12916,0.01,TCP,medio
Mirai-greip_flood,47,4097.360452,578.0,0.000245,0.564453,0.004097,0.0,0.0,IPv,medio
Mirai-greip_flood,47,4745.600398,578.0,0.000213,0.564453,0.004746,0.0,0.0,IPv,medio
Mirai-greip_flood,47,1067.418607,567.7,0.00094,0.554395,0.001067,0.127646,0.02,HTTPS,medio
Mirai-greip_flood,47,10422.961656,578.0,0.000097,0.564453,0.010423,0.0,0.0,IPv,medio
Mirai-greip_flood,47,10899.391923,578.0,0.000093,0.564453,0.010899,0.0,0.0,IPv,medio
Mirai-greip_flood,47,9359.778631,578.0,0.000107,0.564453,0.00936,0.0,0.0,IPv,medio
Mirai-greip_flood,47,3795.647177,569.34,0.000264,0.555996,0.003796,0.109094,0.0,UDP,medio
Mirai-greip_flood,47,3008.15744,573.2,0.000335,0.559766,0.003008,0.08374,0.0,ICMP,medio
Mirai-greip_flood,47,8258.942601,578.0,0.000121,0.564453,0.008259,0.0,0.0,IPv,medio
Mirai-greip_flood,47,4132.92999,572.82,0.000243,0.559395,0.004133,0.09043,0.0,ARP,medio
Mirai-greip_flood,47,16841.212608,578.0,0.000059,0.564453,0.016841,0.0,0.0,IPv,medio
Mirai-greip_flood,47,5297.978981,578.0,0.000189,0.564453,0.005298,0.0,0.0,IPv,medio
Mirai-greip_flood,47,5572.270861,578.0,0.00018,0.564453,0.005572,0.0,0.0,IPv,medio
Mirai-greip_flood,47,8345.212893,572.82,0.00012,0.559395,0.008345,0.09043,0.0,ARP,medio
Mirai-greip_flood,47,3939.497314,578.0,0.000256,0.564453,0.003939,0.0,0.0,IPv,medio
Mirai-greip_flood,47,4151.625292,572.82,0.000242,0.559395,0.004152,0.09043,0.0,ARP,medio
Mirai-greip_flood,47,3891.830902,567.64,0.000258,0.554336,0.003892,0.128401,0.0,ARP,medio
Mirai-greip_flood,47,4416.358506,572.88,0.000227,0.559453,0.004416,0.089373,0.01,HTTPS,medio
Mirai-greip_flood,47,7461.050235,578.0,0.000136,0.564453,0.007461,0.0,0.0,IPv,medio
Mirai-greip_flood,47,3626.471148,572.82,0.000276,0.559395,0.003626,0.09043,0.0,ARP,medio
Mirai-greip_flood,47,13041.179031,572.82,0.000077,0.559395,0.013041,0.09043,0.0,ARP,medio
Mirai-greip_flood,47,5209.409544,578.0,0.000193,0.564453,0.005209,0.0,0.0,IPv,medio
Mirai-greip_flood,47,2740.551207,572.82,0.000366,0.559395,0.002741,0.09043,0.0,ARP,medio
Mirai-greip_flood,47,12562.686075,578.0,0.00008,0.564453,0.012563,0.0,0.0,IPv,medio
Mirai-greip_flood,47,7387.589608,572.8,0.000135,0.559375,0.007388,0.090782,0.02,TCP,medio
Mirai-greip_flood,47,145990.393317,578.0,0.000007,0.564453,0.14599,0.0,0.0,IPv,bajo
Mirai-greip_flood,47,4160.396766,572.82,0.00024,0.559395,0.00416,0.09043,0.0,ARP,medio
Mirai-greip_flood,47,7881.363448,578.0,0.000127,0.564453,0.007881,0.0,0.0,IPv,medio
Mirai-greip_flood,47,4842.13297,567.62,0.000207,0.554316,0.004842,0.128653,0.01,TCP,medio
Mirai-greip_flood,47,5454.018699,578.36,0.000184,0.564805,0.005454,0.003557,0.0,ICMP,medio
Mirai-greip_flood,47,10529.457248,572.82,0.000097,0.559395,0.010529,0.09043,0.0,ARP,medio
Mirai-greip_flood,47,3739.57204,567.64,0.000268,0.554336,0.00374,0.128401,0.0,ARP,medio
Mirai-greip_flood,47,1019.918831,578.12,0.000989,0.56457,0.00102,0.002076,0.0,ICMP,medio
Mirai-greip_flood,47,2599.893384,563.69,0.000504,0.550479,0.0026,0.146349,0.01,DNS,medio
Mirai-greip_flood,47,3732.716302,578.0,0.000269,0.564453,0.003733,0.0,0.0,IPv,medio
Mirai-greip_flood,47,10719.169925,572.82,0.000094,0.559395,0.010719,0.09043,0.0,ARP,medio
Mirai-greip_flood,47,5408.655284,578.0,0.000187,0.564453,0.005409,0.0,0.0,IPv,medio
Mirai-greip_flood,47,1687.964167,572.82,0.000595,0.559395,0.001688,0.09043,0.0,ARP,medio
Mirai-greip_flood,47,2878.607607,578.0,0.000347,0.564453,0.002879,0.0,0.0,IPv,medio
Mirai-greip_flood,47,2243.05127,572.82,0.000446,0.559395,0.002243,0.09043,0.0,ARP,medio
Mirai-greip_flood,47,8568.197418,578.0,0.000118,0.564453,0.008568,0.0,0.0,IPv,medio
Mirai-greip_flood,47,3288.592688,578.0,0.000304,0.564453,0.003289,0.0,0.0,IPv,medio
Mirai-greip_flood,47,4282.873831,567.6,0.000234,0.554297,0.004283,0.128905,0.02,TCP,medio
Mirai-greip_flood,47,4398.666023,574.52,0.000228,0.561055,0.004399,0.060572,0.0,UDP,medio
Mirai-greip_flood,47,6488.010271,578.0,0.000154,0.564453,0.006488,0.0,0.0,IPv,medio
Mirai-greip_flood,47,13278.57663,578.0,0.000076,0.564453,0.013279,0.0,0.0,IPv,medio
Mirai-greip_flood,47,6236.32687,567.64,0.000161,0.554336,0.006236,0.128401,0.0,ARP,medio
Mirai-greip_flood,47,6253.901323,578.0,0.000161,0.564453,0.006254,0.0,0.0,IPv,medio
Mirai-greip_flood,47,5233.98223,578.0,0.000192,0.564453,0.005234,0.0,0.0,IPv,medio
Mirai-greip_flood,47,7106.821648,578.0,0.000141,0.564453,0.007107,0.0,0.0,IPv,medio
Mirai-greip_flood,47,2633.455139,552.68,0.00038,0.539727,0.002633,0.200784,0.0,DNS,medio
Mirai-greip_flood,47,3178.948007,578.0,0.000315,0.564453,0.003179,0.0,0.0,IPv,medio
Mirai-greip_flood,47,13459.243333,578.0,0.000076,0.564453,0.013459,0.0,0.0,IPv,medio
Mirai-greip_flood,47,5477.594943,578.0,0.000184,0.564453,0.005478,0.0,0.0,IPv,medio
Mirai-greip_flood,47,803.483425,547.72,0.001247,0.534883,0.000803,0.219996,0.05,HTTPS,alto
Mirai-greip_flood,47,11767.209067,578.0,0.000088,0.564453,0.011767,0.0,0.0,IPv,medio
Mirai-greip_flood,47,3200.928003,578.0,0.000314,0.564453,0.003201,0.0,0.0,IPv,medio
Mirai-greip_flood,47,4172.066884,578.0,0.000241,0.564453,0.004172,0.0,0.0,IPv,medio
Mirai-greip_flood,47,2431.903519,578.0,0.000413,0.564453,0.002432,0.0,0.0,IPv,medio
Mirai-greip_flood,47,904.110451,557.66,0.001113,0.54459,0.000904,0.179683,0.0,ARP,alto
Mirai-greip_flood,47,3709.606778,573.43,0.00027,0.55999,0.00371,0.079696,0.0,DNS,medio
Mirai-greip_flood,47,3275.801904,573.08,0.000309,0.559648,0.003276,0.087992,0.02,HTTPS,medio
Mirai-greip_flood,47,6479.991348,578.0,0.000154,0.564453,0.00648,0.0,0.0,IPv,medio
Mirai-greip_flood,47,13887.044333,578.0,0.000074,0.564453,0.013887,0.0,0.0,IPv,medio
Mirai-greip_flood,47,2283.14871,545.59,0.000439,0.532803,0.002283,0.221114,0.0,DNS,medio
Mirai-greip_flood,47,1012.933406,574.52,0.000989,0.561055,0.001013,0.060572,0.0,UDP,medio
Mirai-greip_flood,47,1923.004695,556.09,0.000522,0.543057,0.001923,0.177726,0.03,TCP,medio
Mirai-greip_flood,47,3213.681291,572.82,0.000311,0.559395,0.003214,0.09043,0.0,ARP,medio
Mirai-greip_flood,47,5253.452573,578.0,0.000191,0.564453,0.005253,0.0,0.0,IPv,medio
Mirai-greip_flood,47,6413.995382,578.0,0.000157,0.564453,0.006414,0.0,0.0,IPv,medio
Mirai-greip_flood,47,1276.750458,557.22,0.000784,0.54416,0.001277,0.183617,0.01,TCP,medio
Mirai-greip_flood,47,553.887762,567.84,0.001805,0.554531,0.000554,0.125881,0.03,HTTPS,alto
Mirai-greip_flood,47,301.788221,540.3,0.003314,0.527637,0.000302,0.416785,0.11,HTTPS,alto
Mirai-greip_flood,47,1467.047684,567.64,0.000683,0.554336,0.001467,0.128401,0.0,ARP,medio
Mirai-greip_flood,47,9086.840851,575.48,0.000113,0.561992,0.009087,0.04379,0.0,DNS,medio
Mirai-greip_flood,47,2485.528211,547.12,0.000404,0.534297,0.002486,0.224538,0.03,HTTPS,medio
Mirai-greip_flood,47,10864.665199,572.82,0.000092,0.559395,0.010865,0.09043,0.0,ARP,medio
Mirai-greip_flood,47,5408.934282,578.0,0.000185,0.564453,0.005409,0.0,0.0,IPv,medio
Mirai-greip_flood,47,5197.209521,578.0,0.000192,0.564453,0.005197,0.0,0.0,IPv,medio
Mirai-greip_flood,47,1468.408744,562.9,0.000796,0.549707,0.001468,0.153351,0.0,DNS,medio
Mirai-greip_flood,47,6385.287804,567.89,0.000158,0.55458,0.006385,0.125886,0.05,HTTPS,medio
Mirai-greip_flood,47,9855.963906,578.0,0.000102,0.564453,0.009856,0.0,0.0,IPv,medio
Mirai-greip_flood,47,3078.727199,572.88,0.000325,0.559453,0.003079,0.089373,0.02,HTTPS,medio
Mirai-greip_flood,47,4427.500449,562.46,0.000227,0.549277,0.004428,0.157895,0.0,ARP,medio
Mirai-greip_flood,47,3799.980068,578.0,0.000266,0.564453,0.0038,0.0,0.0,IPv,medio
Mirai-greip_flood,47,2114.075172,563.09,0.000474,0.549893,0.002114,0.151602,0.02,TCP,medio
Mirai-greip_flood,47,7854.207708,578.0,0.000128,0.564453,0.007854,0.0,0.0,IPv,medio
Mirai-greip_flood,47,4418.917581,572.82,0.000226,0.559395,0.004419,0.09043,0.0,ARP,medio
Mirai-greip_flood,47,6176.268591,578.0,0.000163,0.564453,0.006176,0.0,0.0,IPv,medio
Mirai-greip_flood,47,7658.730941,567.62,0.000131,0.554316,0.007659,0.128653,0.01,TCP,medio
Mirai-greip_flood,47,3267.228043,572.88,0.000307,0.559453,0.003267,0.089373,0.01,HTTPS,medio
Mirai-greip_flood,47,5278.177814,578.0,0.000191,0.564453,0.005278,0.0,0.0,IPv,medio
Mirai-greip_flood,47,5707.079586,578.0,0.000175,0.564453,0.005707,0.0,0.0,IPv,medio
Mirai-greip_flood,47,5457.638058,567.64,0.000185,0.554336,0.005458,0.128401,0.0,ARP,medio
Mirai-greip_flood,47,4116.906164,578.0,0.000245,0.564453,0.004117,0.0,0.0,IPv,medio
Mirai-greip_flood,47,4263.500615,578.0,0.000236,0.564453,0.004264,0.0,0.0,IPv,medio
Mirai-greip_flood,47,5277.314477,567.64,0.000198,0.554336,0.005277,0.128401,0.0,ARP,medio
Mirai-greip_flood,47,4324.693509,578.0,0.000232,0.564453,0.004325,0.0,0.0,IPv,medio
Mirai-greip_flood,47,4711.642328,572.82,0.000213,0.559395,0.004712,0.09043,0.0,ARP,medio
Mirai-greip_flood,47,7525.575053,578.0,0.000134,0.564453,0.007526,0.0,0.0,IPv,medio
Mirai-greip_flood,47,8282.263734,572.82,0.000121,0.559395,0.008282,0.09043,0.0,ARP,medio
Mirai-greip_flood,47,4681.613108,578.0,0.000214,0.564453,0.004682,0.0,0.0,IPv,medio
Mirai-greip_flood,47,19301.01698,578.0,0.000052,0.564453,0.019301,0.0,0.0,IPv,medio
Mirai-greip_flood,47,1064.96312,555.94,0.000939,0.54291,0.001065,0.17603,0.08,TCP,medio
Mirai-greip_flood,47,13939.195746,578.0,0.000073,0.564453,0.013939,0.0,0.0,IPv,medio
Mirai-greip_flood,47,3498.110123,572.82,0.000287,0.559395,0.003498,0.09043,0.0,ARP,medio
Mirai-greip_flood,47,3529.45968,578.0,0.000339,0.564453,0.003529,0.0,0.0,IPv,medio
Mirai-greip_flood,47,4148.340388,578.0,0.000242,0.564453,0.004148,0.0,0.0,IPv,medio
Mirai-greip_flood,47,6499.471588,573.18,0.000154,0.559746,0.006499,0.084092,0.0,DNS,medio
Mirai-greip_flood,47,2392.684416,572.82,0.000418,0.559395,0.002393,0.09043,0.0,ARP,medio
Mirai-greip_flood,47,5312.406115,567.78,0.000188,0.554473,0.005312,0.126646,0.01,TCP,medio
Mirai-greip_flood,47,2075.16562,578.0,0.000482,0.564453,0.002075,0.0,0.0,IPv,medio
Mirai-greip_flood,47,4011.73016,578.0,0.000249,0.564453,0.004012,0.0,0.0,IPv,medio
Mirai-greip_flood,47,6847.955069,578.0,0.000146,0.564453,0.006848,0.0,0.0,IPv,medio
Mirai-greip_flood,47,13732.455882,578.0,0.000073,0.564453,0.013732,0.0,0.0,IPv,medio
Mirai-greip_flood,47,2599.554996,572.82,0.000386,0.559395,0.0026,0.09043,0.0,ARP,medio
Mirai-greip_flood,47,4525.087928,563.22,0.000221,0.55002,0.004525,0.150072,0.0,ARP,medio
Mirai-greip_flood,47,13856.306574,578.0,0.000073,0.564453,0.013856,0.0,0.0,IPv,medio
Mirai-greip_flood,47,7169.995555,578.0,0.000141,0.564453,0.00717,0.0,0.0,IPv,medio
Mirai-greip_flood,47,7747.716861,572.8,0.00013,0.559375,0.007748,0.090782,0.02,TCP,medio
Mirai-greip_flood,47,4267.491479,562.97,0.000235,0.549775,0.004267,0.152574,0.0,DNS,medio
Mirai-greip_flood,47,2074.006092,554.36,0.000482,0.541367,0.002074,0.18834,0.02,DNS,medio
Mirai-greip_flood,47,5830.84815,572.82,0.000172,0.559395,0.005831,0.09043,0.0,ARP,medio
Mirai-greip_flood,47,1343.363739,569.72,0.000746,0.556367,0.001343,0.103564,0.0,UDP,medio
Mirai-greip_flood,47,5096.35966,578.0,0.000198,0.564453,0.005096,0.0,0.0,IPv,medio
Mirai-greip_flood,47,3619.773543,578.0,0.000277,0.564453,0.00362,0.0,0.0,IPv,medio
Mirai-greip_flood,47,3292.077296,578.0,0.000305,0.564453,0.003292,0.0,0.0,IPv,medio
Mirai-greip_flood,47,6559.954956,578.0,0.000154,0.564453,0.00656,0.0,0.0,IPv,medio
Mirai-greip_flood,47,876.600191,558.39,0.001141,0.545303,0.000877,0.172943,0.03,HTTPS,alto
Mirai-greip_flood,47,2695.776024,567.89,0.000373,0.55458,0.002696,0.125286,0.0,UDP,medio
Mirai-greip_flood,47,3559.351318,563.74,0.000283,0.550527,0.003559,0.144564,0.0,DNS,medio
Mirai-greip_flood,47,3115.638719,575.01,0.000321,0.561533,0.003116,0.051999,0.02,HTTPS,medio
Mirai-greip_flood,47,4600.884131,567.83,0.000217,0.554521,0.004601,0.126007,0.01,HTTPS,medio
Mirai-greip_flood,47,2483.482545,567.64,0.000405,0.554336,0.002483,0.128401,0.0,ARP,medio
Mirai-greip_flood,47,2666.029341,574.36,0.000378,0.560898,0.002666,0.063375,0.0,UDP,medio
Mirai-greip_flood,47,6154.608285,578.0,0.000162,0.564453,0.006155,0.0,0.0,IPv,medio
Mirai-greip_flood,47,2159.919254,572.88,0.000463,0.559453,0.00216,0.089373,0.01,HTTPS,medio
Mirai-greip_flood,47,1016.199872,577.92,0.000985,0.564375,0.001016,0.200108,0.01,HTTPS,medio
Mirai-greip_flood,47,4702.978113,553.3,0.000213,0.540332,0.004703,0.195628,0.0,UDP,medio
Mirai-greip_flood,47,3556.574607,567.7,0.000281,0.554395,0.003557,0.127646,0.01,HTTPS,medio
Mirai-greip_flood,47,2407.848765,578.0,0.000415,0.564453,0.002408,0.0,0.0,IPv,medio
Mirai-greip_flood,47,3621.899071,572.82,0.000276,0.559395,0.003622,0.09043,0.0,ARP,medio
Mirai-greip_flood,47,2270.35758,578.0,0.000442,0.564453,0.00227,0.0,0.0,IPv,medio
Mirai-greip_flood,47,1427.551725,563.79,0.000701,0.550576,0.001428,0.145335,0.0,DNS,medio
Mirai-greip_flood,47,2029.429923,572.82,0.000493,0.559395,0.002029,0.09043,0.0,ARP,medio
Mirai-greip_flood,47,1255.144553,569.45,0.000799,0.556104,0.001255,0.106705,0.0,UDP,medio
Mirai-greip_flood,47,6720.88708,562.72,0.000149,0.549531,0.006721,0.155185,0.03,HTTP,medio
Mirai-greip_flood,47,9417.994836,578.0,0.000108,0.564453,0.009418,0.0,0.0,IPv,medio
Mirai-greip_flood,47,4119.939099,572.82,0.000243,0.559395,0.00412,0.09043,0.0,ARP,medio
Mirai-greip_flood,47,1619.384879,567.76,0.000619,0.554453,0.001619,0.128421,0.0,ARP,medio
Mirai-greip_flood,47,5858.948427,578.0,0.000172,0.564453,0.005859,0.0,0.0,IPv,medio
Mirai-greip_flood,47,4209.458049,578.0,0.000239,0.564453,0.004209,0.0,0.0,IPv,medio
Mirai-greip_flood,47,6937.205802,578.0,0.000146,0.564453,0.006937,0.0,0.0,IPv,medio
Mirai-greip_flood,47,10424.256884,572.94,0.000098,0.559512,0.010424,0.090456,0.0,ARP,medio
Mirai-greip_flood,47,2766.107418,578.0,0.000362,0.564453,0.002766,0.0,0.0,IPv,medio
Mirai-greip_flood,6,145.888277,261.16,0.006857,0.255039,0.000146,1.727721,0.92,HTTPS,alto
Mirai-greip_flood,47,918.315274,562.72,0.001203,0.549531,0.000918,0.156465,0.02,HTTPS,alto
Mirai-greip_flood,47,1234.3994,567.58,0.000818,0.554277,0.001234,0.12916,0.01,TCP,medio
Mirai-greip_flood,47,7966.238058,578.0,0.000127,0.564453,0.007966,0.0,0.0,IPv,medio
Mirai-greip_flood,47,3115.847027,562.42,0.000322,0.549238,0.003116,0.158312,0.04,TCP,medio
Mirai-greip_flood,47,1714.501077,578.12,0.000583,0.56457,0.001715,0.002076,0.0,ICMP,medio
Mirai-greip_flood,47,14246.956522,578.0,0.00007,0.564453,0.014247,0.0,0.0,IPv,medio
Mirai-greip_flood,47,7642.264453,572.8,0.000131,0.559375,0.007642,0.090782,0.02,TCP,medio
Mirai-greip_flood,47,7736.998026,578.0,0.00013,0.564453,0.007737,0.0,0.0,IPv,medio
Mirai-greip_flood,47,3531.956245,557.56,0.000284,0.544492,0.003532,0.180518,0.04,HTTPS,medio
Mirai-greip_flood,47,10416.749038,578.0,0.000097,0.564453,0.010417,0.0,0.0,IPv,medio
Mirai-greip_flood,47,6126.29119,578.0,0.000164,0.564453,0.006126,0.0,0.0,IPv,medio
Mirai-greip_flood,47,13478.706858,578.0,0.000075,0.564453,0.013479,0.0,0.0,IPv,medio
Mirai-greip_flood,47,4921.043739,578.0,0.000204,0.564453,0.004921,0.0,0.0,IPv,medio
Mirai-greip_flood,47,2545.303606,578.0,0.000394,0.564453,0.002545,0.0,0.0,IPv,medio
Mirai-greip_flood,47,3431.96223,578.0,0.000293,0.564453,0.003432,0.0,0.0,IPv,medio
Mirai-greip_flood,47,1338.797085,568.21,0.000748,0.554893,0.001339,0.121243,0.03,HTTPS,medio
Mirai-greip_flood,47,2334.812572,578.0,0.00043,0.564453,0.002335,0.0,0.0,IPv,medio
Mirai-greip_flood,47,9697.364284,578.0,0.000105,0.564453,0.009697,0.0,0.0,IPv,medio
Mirai-greip_flood,47,7304.604667,574.52,0.000137,0.561055,0.007305,0.060572,0.0,UDP,medio
Mirai-greip_flood,47,9828.019776,578.0,0.000103,0.564453,0.009828,0.0,0.0,IPv,medio
Mirai-greip_flood,47,889.490605,557.94,0.001124,0.544863,0.000889,0.177092,0.04,HTTPS,alto
Mirai-greip_flood,47,723.57254,563.11,0.001385,0.549912,0.000724,0.152436,0.0,DNS,alto
Mirai-greip_flood,47,3458.649295,572.96,0.000291,0.559531,0.003459,0.087964,0.01,HTTPS,medio
Mirai-greip_flood,47,4969.436743,563.86,0.000204,0.550645,0.004969,0.144946,0.03,TCP,medio
Mirai-greip_flood,47,7404.021254,578.0,0.000135,0.564453,0.007404,0.0,0.0,IPv,medio
Mirai-greip_flood,47,12924.639468,567.64,0.0001,0.554336,0.012925,0.128401,0.0,ARP,medio
Mirai-greip_flood,47,365.280808,536.48,0.00274,0.523906,0.000365,0.2483,0.05,HTTPS,alto
Mirai-greip_flood,47,1277.629399,521.61,0.000786,0.509385,0.001278,0.309106,0.05,HTTP,medio
DDoS-SYN_Flood,6,39386.834445,60.0,0.000025,0.058594,0.039387,0.0,1.0,TCP,bajo
DDoS-SYN_Flood,6,42590.414297,60.0,0.000023,0.058594,0.04259,0.0,1.0,TCP,bajo
DDoS-SYN_Flood,6,29506.183609,60.0,0.000034,0.058594,0.029506,0.0,1.0,TCP,bajo
DDoS-SYN_Flood,6,25846.093172,60.14,0.000039,0.05873,0.025846,0.023279,1.0,HTTPS,bajo
DDoS-SYN_Flood,6,20104.994727,62.14,0.00005,0.060684,0.020105,0.322414,1.02,HTTP,medio
DDoS-SYN_Flood,6,26730.635396,60.0,0.000037,0.058594,0.026731,0.0,0.99,TCP,bajo
DDoS-SYN_Flood,6,3194.783907,62.97,0.000313,0.061494,0.003195,0.408887,1.02,HTTP,medio
DDoS-SYN_Flood,6,29359.540809,60.0,0.000034,0.058594,0.02936,0.0,1.0,TCP,bajo
DDoS-SYN_Flood,6,19263.785422,60.0,0.000053,0.058594,0.019264,0.0,1.0,TCP,medio
DDoS-SYN_Flood,6,43311.689385,60.0,0.000023,0.058594,0.043312,0.0,1.0,TCP,bajo
DDoS-SYN_Flood,6,44053.18769,60.14,0.000023,0.05873,0.044053,0.023279,1.01,HTTPS,bajo
DDoS-SYN_Flood,6,16299.953365,60.0,0.000061,0.058594,0.0163,0.0,1.0,TCP,medio
DDoS-SYN_Flood,6,44945.392199,62.39,0.000022,0.060928,0.044945,0.383074,0.99,TCP,bajo
DDoS-SYN_Flood,6,30285.970106,61.7,0.000033,0.060254,0.030286,0.275527,0.99,TCP,bajo
DDoS-SYN_Flood,6,30619.827712,60.0,0.000033,0.058594,0.03062,0.0,1.0,TCP,bajo
DDoS-SYN_Flood,6,41560.681728,60.0,0.000024,0.058594,0.041561,0.0,1.0,TCP,bajo
DDoS-SYN_Flood,6,38728.56879,60.0,0.000026,0.058594,0.038729,0.0,1.0,TCP,bajo
DDoS-SYN_Flood,6,16803.42935,60.0,0.00006,0.058594,0.016803,0.0,1.0,TCP,medio
DDoS-SYN_Flood,6,35805.907461,60.0,0.000028,0.058594,0.035806,0.0,1.0,TCP,bajo
DDoS-SYN_Flood,6,23175.511106,60.0,0.000043,0.058594,0.023176,0.0,1.0,TCP,medio
DDoS-SYN_Flood,6,13566.774486,60.0,0.000074,0.058594,0.013567,0.0,1.0,TCP,medio
DDoS-SYN_Flood,6,17787.54877,60.0,0.000057,0.058594,0.017788,0.0,1.0,TCP,medio
DDoS-SYN_Flood,6,25375.425011,60.37,0.000039,0.058955,0.025375,0.061289,1.01,HTTPS,bajo
DDoS-SYN_Flood,6,45392.900433,60.0,0.000022,0.058594,0.045393,0.0,1.0,TCP,bajo
DDoS-SYN_Flood,6,38227.342326,60.0,0.000026,0.058594,0.038227,0.0,1.0,TCP,bajo
DDoS-SYN_Flood,6,17609.068391,62.05,0.000057,0.060596,0.017609,0.330379,0.99,TCP,medio
DDoS-SYN_Flood,6,34458.626356,60.0,0.000029,0.058594,0.034459,0.0,1.0,TCP,bajo
DDoS-SYN_Flood,6,33399.458513,60.0,0.00003,0.058594,0.033399,0.0,1.0,TCP,bajo
DDoS-SYN_Flood,6,48635.250464,60.0,0.000021,0.058594,0.048635,0.0,1.0,TCP,bajo
DDoS-SYN_Flood,6,19470.355584,60.0,0.000051,0.058594,0.01947,0.0,0.99,TCP,medio
DDoS-SYN_Flood,6,69201.517901,60.0,0.000014,0.058594,0.069202,0.0,1.0,TCP,bajo
DDoS-SYN_Flood,6,10330.543583,60.0,0.000123,0.058594,0.010331,0.0,1.0,TCP,medio
DDoS-SYN_Flood,6,74301.222321,60.0,0.000013,0.058594,0.074301,0.0,1.01,TCP,bajo
DDoS-SYN_Flood,6,26860.736471,60.0,0.000037,0.058594,0.026861,0.0,1.0,TCP,bajo
DDoS-SYN_Flood,6,26075.87193,60.0,0.000039,0.058594,0.026076,0.0,1.0,TCP,bajo
DDoS-SYN_Flood,6,41020.08802,60.0,0.000024,0.058594,0.04102,0.0,1.0,TCP,bajo
DDoS-SYN_Flood,6,29708.910611,60.0,0.000034,0.058594,0.029709,0.0,1.0,TCP,bajo
DDoS-SYN_Flood,6,18314.938212,60.0,0.000055,0.058594,0.018315,0.0,1.0,TCP,medio
DDoS-SYN_Flood,6,53883.658787,60.0,0.000019,0.058594,0.053884,0.0,1.0,TCP,bajo
DDoS-SYN_Flood,6,73584.280702,60.0,0.000015,0.058594,0.073584,0.0,1.0,TCP,bajo
DDoS-SYN_Flood,6,19646.372195,60.0,0.000051,0.058594,0.019646,0.0,1.0,TCP,medio
DDoS-SYN_Flood,6,41462.079873,60.0,0.000024,0.058594,0.041462,0.0,1.0,TCP,bajo
DDoS-SYN_Flood,6,14359.137282,60.0,0.00007,0.058594,0.014359,0.0,1.0,TCP,medio
DDoS-SYN_Flood,6,34200.130463,62.63,0.000029,0.061162,0.0342,0.410362,1.01,HTTPS,bajo
DDoS-SYN_Flood,6,32478.736255,60.0,0.000031,0.058594,0.032479,0.0,1.0,TCP,bajo
DDoS-SYN_Flood,6,30599.722769,60.0,0.000033,0.058594,0.0306,0.0,1.0,TCP,bajo
DDoS-SYN_Flood,6,39016.781395,60.0,0.000026,0.058594,0.039017,0.0,1.0,TCP,bajo
DDoS-SYN_Flood,6,50225.170638,60.0,0.000027,0.058594,0.050225,0.0,1.0,TCP,bajo
DDoS-SYN_Flood,6,110872.429289,60.0,0.000009,0.058594,0.110872,0.0,1.0,TCP,bajo
DDoS-SYN_Flood,6,44983.955384,60.0,0.000022,0.058594,0.044984,0.0,1.0,TCP,bajo
DDoS-SYN_Flood,6,36669.907326,60.0,0.000027,0.058594,0.03667,0.0,1.0,TCP,bajo
DDoS-SYN_Flood,6,9758.961353,60.0,0.000102,0.058594,0.009759,0.0,1.0,TCP,medio
DDoS-SYN_Flood,6,34014.305409,60.0,0.000029,0.058594,0.034014,0.0,1.0,TCP,bajo
DDoS-SYN_Flood,6,8721.417284,60.0,0.000115,0.058594,0.008721,0.0,1.0,TCP,medio
DDoS-SYN_Flood,6,22297.081495,60.0,0.000045,0.058594,0.022297,0.0,1.0,TCP,medio
DDoS-SYN_Flood,6,33613.591922,60.0,0.00003,0.058594,0.033614,0.0,1.0,TCP,bajo
DDoS-SYN_Flood,6,43572.657386,60.0,0.000023,0.058594,0.043573,0.0,1.0,TCP,bajo
DDoS-SYN_Flood,6,58238.044988,60.0,0.000017,0.058594,0.058238,0.0,1.0,TCP,bajo
DDoS-SYN_Flood,6,15264.781454,60.0,0.000066,0.058594,0.015265,0.0,1.0,TCP,medio
DDoS-SYN_Flood,6,33978.483474,60.0,0.00003,0.058594,0.033978,0.0,1.0,TCP,bajo
DDoS-SYN_Flood,6,29744.727324,60.0,0.000034,0.058594,0.029745,0.0,1.0,TCP,bajo
DDoS-SYN_Flood,6,11757.97264,60.0,0.000085,0.058594,0.011758,0.0,0.99,TCP,medio
DDoS-SYN_Flood,6,63205.3044,60.0,0.000016,0.058594,0.063205,0.0,1.0,TCP,bajo
DDoS-SYN_Flood,6,171196.081633,60.0,0.000006,0.058594,0.171196,0.0,1.0,TCP,bajo
DDoS-SYN_Flood,6,30433.202728,60.0,0.000033,0.058594,0.030433,0.0,1.0,TCP,bajo
DDoS-SYN_Flood,6,26773.292481,60.0,0.000037,0.058594,0.026773,0.0,1.0,TCP,bajo
DDoS-SYN_Flood,6,17016.122358,60.0,0.000068,0.058594,0.017016,0.0,1.0,TCP,medio
DDoS-SYN_Flood,6,5479.455491,60.0,0.000182,0.058594,0.005479,0.0,1.0,TCP,medio
DDoS-SYN_Flood,6,23930.530039,60.0,0.000042,0.058594,0.023931,0.0,1.0,TCP,medio
DDoS-SYN_Flood,6,31300.776119,60.0,0.000032,0.058594,0.031301,0.0,1.0,TCP,bajo
DDoS-SYN_Flood,6,11359.904664,60.0,0.000088,0.058594,0.01136,0.0,1.0,TCP,medio
DDoS-SYN_Flood,6,45085.499301,60.0,0.000023,0.058594,0.045085,0.0,1.0,TCP,bajo
DDoS-SYN_Flood,6,19604.131806,60.0,0.000051,0.058594,0.019604,0.0,1.0,TCP,medio
DDoS-SYN_Flood,6,35499.82226,60.0,0.000028,0.058594,0.0355,0.0,1.0,TCP,bajo
DDoS-SYN_Flood,6,30477.430606,60.0,0.000033,0.058594,0.030477,0.0,1.0,TCP,bajo
DDoS-SYN_Flood,6,42370.986968,60.0,0.000024,0.058594,0.042371,0.0,0.99,TCP,bajo
DDoS-SYN_Flood,6,42124.173948,60.0,0.000024,0.058594,0.042124,0.0,1.0,TCP,bajo
DDoS-SYN_Flood,6,37229.75324,60.0,0.000027,0.058594,0.03723,0.0,1.0,TCP,bajo
DDoS-SYN_Flood,6,22633.986293,60.0,0.000044,0.058594,0.022634,0.0,1.0,TCP,medio
DDoS-SYN_Flood,6,30118.512136,60.0,0.000035,0.058594,0.030119,0.0,1.0,TCP,bajo
DDoS-SYN_Flood,6,28161.031288,60.0,0.000036,0.058594,0.028161,0.0,1.0,TCP,bajo
DDoS-SYN_Flood,6,24078.902348,60.0,0.000042,0.058594,0.024079,0.0,1.0,TCP,medio
DDoS-SYN_Flood,6,17038.934027,60.0,0.000059,0.058594,0.017039,0.0,1.0,TCP,medio
DDoS-SYN_Flood,6,49240.478986,60.0,0.00002,0.058594,0.04924,0.0,1.0,TCP,bajo
DDoS-SYN_Flood,6,43124.655562,60.0,0.000023,0.058594,0.043125,0.0,1.0,TCP,bajo
DDoS-SYN_Flood,6,6296.808287,60.0,0.000159,0.058594,0.006297,0.0,1.0,TCP,medio
DDoS-SYN_Flood,6,23696.632768,60.0,0.000042,0.058594,0.023697,0.0,1.0,TCP,medio
DDoS-SYN_Flood,6,40618.865001,60.0,0.000025,0.058594,0.040619,0.0,1.0,TCP,bajo
DDoS-SYN_Flood,6,28793.190087,60.0,0.000035,0.058594,0.028793,0.0,1.0,TCP,bajo
DDoS-SYN_Flood,6,12444.15962,60.06,0.00008,0.058652,0.012444,0.00999,1.01,HTTPS,medio
DDoS-SYN_Flood,6,12980.237056,60.0,0.000077,0.058594,0.01298,0.0,1.0,TCP,medio
DDoS-SYN_Flood,6,47259.76338,60.0,0.000021,0.058594,0.04726,0.0,1.0,TCP,bajo
DDoS-SYN_Flood,6,13240.013889,65.5,0.000076,0.063965,0.01324,0.591421,0.98,TCP,medio
DDoS-SYN_Flood,6,33057.250946,60.0,0.00003,0.058594,0.033057,0.0,1.0,TCP,bajo
DDoS-SYN_Flood,6,5815.32617,60.0,0.000172,0.058594,0.005815,0.0,0.99,TCP,medio
DDoS-SYN_Flood,6,27144.084908,60.0,0.000037,0.058594,0.027144,0.0,0.99,TCP,bajo
DDoS-SYN_Flood,6,104491.878426,60.0,0.00001,0.058594,0.104492,0.0,1.0,TCP,bajo
DDoS-SYN_Flood,6,39078.58008,60.0,0.000026,0.058594,0.039079,0.0,1.0,TCP,bajo
DDoS-SYN_Flood,6,9402.793284,60.0,0.000106,0.058594,0.009403,0.0,1.0,TCP,medio
DDoS-SYN_Flood,6,29604.0655,60.0,0.000034,0.058594,0.029604,0.0,1.0,TCP,bajo
DDoS-SYN_Flood,6,22487.154193,60.0,0.000044,0.058594,0.022487,0.0,1.0,TCP,medio
DDoS-SYN_Flood,6,42698.808918,60.0,0.000023,0.058594,0.042699,0.0,1.0,TCP,bajo
DDoS-SYN_Flood,6,22163.93997,60.0,0.000045,0.058594,0.022164,0.0,1.0,TCP,medio
DDoS-SYN_Flood,6,37216.539485,60.0,0.000027,0.058594,0.037217,0.0,1.0,TCP,bajo
DDoS-SYN_Flood,6,23742.23933,60.0,0.000042,0.058594,0.023742,0.0,1.0,TCP,medio
DDoS-SYN_Flood,6,27808.154876,60.0,0.000036,0.058594,0.027808,0.0,1.0,TCP,bajo
DDoS-SYN_Flood,6,31075.824257,60.0,0.000032,0.058594,0.031076,0.0,1.0,TCP,bajo
DDoS-SYN_Flood,6,48612.702828,60.61,0.000021,0.059189,0.048613,0.100643,0.99,DNS,bajo
DDoS-SYN_Flood,6,13180.516624,60.0,0.000076,0.058594,0.013181,0.0,1.0,TCP,medio
DDoS-SYN_Flood,6,48970.274372,60.0,0.00002,0.058594,0.04897,0.0,1.0,TCP,bajo
DDoS-SYN_Flood,6,42495.481256,60.0,0.000024,0.058594,0.042495,0.0,1.0,TCP,bajo
DDoS-SYN_Flood,6,59199.774171,60.0,0.000017,0.058594,0.0592,0.0,1.0,TCP,bajo
DDoS-SYN_Flood,6,20986.210347,60.0,0.000048,0.058594,0.020986,0.0,1.0,TCP,medio
DDoS-SYN_Flood,6,26054.814263,60.0,0.000039,0.058594,0.026055,0.0,1.0,TCP,bajo
DDoS-SYN_Flood,6,31988.28554,60.0,0.000031,0.058594,0.031988,0.0,1.0,TCP,bajo
DDoS-SYN_Flood,6,37834.241386,60.0,0.000026,0.058594,0.037834,0.0,1.0,TCP,bajo
DDoS-SYN_Flood,6,33898.844258,60.0,0.00003,0.058594,0.033899,0.0,1.0,TCP,bajo
DDoS-SYN_Flood,6,33091.155819,60.0,0.00003,0.058594,0.033091,0.0,1.0,TCP,bajo
DDoS-SYN_Flood,6,30617.592525,60.0,0.000033,0.058594,0.030618,0.0,1.0,TCP,bajo
DDoS-SYN_Flood,6,29976.443682,60.0,0.000033,0.058594,0.029976,0.0,1.0,TCP,bajo
DDoS-SYN_Flood,6,32145.187002,60.0,0.000032,0.058594,0.032145,0.0,1.0,TCP,bajo
DDoS-SYN_Flood,6,66491.819911,60.0,0.000015,0.058594,0.066492,0.0,1.0,TCP,bajo
DDoS-SYN_Flood,6,24666.572571,60.0,0.000041,0.058594,0.024667,0.0,1.0,TCP,bajo
DDoS-SYN_Flood,6,3776.440823,60.0,0.000265,0.058594,0.003776,0.0,0.99,TCP,medio
DDoS-SYN_Flood,6,25420.024242,60.0,0.000039,0.058594,0.02542,0.0,1.0,TCP,bajo
DDoS-SYN_Flood,6,34589.345209,60.0,0.000029,0.058594,0.034589,0.0,1.0,TCP,bajo
DDoS-SYN_Flood,6,17864.065761,60.0,0.000056,0.058594,0.017864,0.0,0.99,TCP,medio
DDoS-SYN_Flood,6,21213.352215,60.0,0.000047,0.058594,0.021213,0.0,1.0,TCP,medio
DDoS-SYN_Flood,6,13650.222931,60.0,0.000073,0.058594,0.01365,0.0,1.0,TCP,medio
DDoS-SYN_Flood,6,5800.768954,60.06,0.000173,0.058652,0.005801,0.00999,1.01,HTTPS,medio
DDoS-SYN_Flood,6,38685.703745,60.0,0.000026,0.058594,0.038686,0.0,1.0,TCP,bajo
DDoS-SYN_Flood,6,13305.113564,61.7,0.000075,0.060254,0.013305,0.23786,1.0,HTTP,medio
DDoS-SYN_Flood,6,44402.964218,60.0,0.000023,0.058594,0.044403,0.0,1.0,TCP,bajo
DDoS-SYN_Flood,6,37385.720652,60.0,0.000027,0.058594,0.037386,0.0,1.0,TCP,bajo
DDoS-SYN_Flood,6,22178.003384,60.0,0.000045,0.058594,0.022178,0.0,1.0,TCP,medio
DDoS-SYN_Flood,6,48077.762494,60.0,0.000021,0.058594,0.048078,0.0,0.99,TCP,bajo
DDoS-SYN_Flood,6,40337.603385,60.0,0.000025,0.058594,0.040338,0.0,1.0,TCP,bajo
DDoS-SYN_Flood,6,37496.012873,60.0,0.000027,0.058594,0.037496,0.0,1.0,TCP,bajo
DDoS-SYN_Flood,6,22012.721738,60.0,0.000045,0.058594,0.022013,0.0,1.0,TCP,medio
DDoS-SYN_Flood,6,35499.82226,60.0,0.000028,0.058594,0.0355,0.0,1.0,TCP,bajo
DDoS-SYN_Flood,6,10207.106006,60.0,0.000098,0.058594,0.010207,0.0,0.99,TCP,medio
DDoS-SYN_Flood,6,7413.443626,60.0,0.000137,0.058594,0.007413,0.0,0.99,TCP,medio
DDoS-SYN_Flood,6,44034.687664,60.0,0.000023,0.058594,0.044035,0.0,1.0,TCP,bajo
DDoS-SYN_Flood,6,22563.365431,60.0,0.000045,0.058594,0.022563,0.0,0.99,TCP,medio
DDoS-SYN_Flood,6,28215.9704,60.0,0.000035,0.058594,0.028216,0.0,1.0,TCP,bajo
DDoS-SYN_Flood,6,42716.203279,60.0,0.000023,0.058594,0.042716,0.0,1.0,TCP,bajo
DDoS-SYN_Flood,6,14682.339763,60.0,0.000068,0.058594,0.014682,0.0,1.0,TCP,medio
DDoS-SYN_Flood,6,25132.146923,60.0,0.00004,0.058594,0.025132,0.0,1.0,TCP,bajo
DDoS-SYN_Flood,6,20234.967194,60.0,0.000049,0.058594,0.020235,0.0,1.0,TCP,medio
DDoS-SYN_Flood,6,34447.306176,60.0,0.000029,0.058594,0.034447,0.0,1.0,TCP,bajo
DDoS-SYN_Flood,6,6528.302827,68.69,0.000153,0.06708,0.006528,1.208737,1.02,HTTPS,medio
DDoS-SYN_Flood,6,33388.823436,60.0,0.00003,0.058594,0.033389,0.0,0.99,TCP,bajo
DDoS-SYN_Flood,6,26759.627408,60.0,0.000037,0.058594,0.02676,0.0,1.0,TCP,bajo
DDoS-SYN_Flood,6,15805.494216,67.01,0.000063,0.065439,0.015805,0.954138,1.01,HTTPS,medio
DDoS-SYN_Flood,6,19353.5622,60.63,0.000052,0.059209,0.019354,0.103909,1.01,TCP,medio
DDoS-SYN_Flood,6,28391.687538,60.0,0.000035,0.058594,0.028392,0.0,1.0,TCP,bajo
DDoS-SYN_Flood,6,26490.898756,60.0,0.000038,0.058594,0.026491,0.0,1.0,TCP,bajo
DDoS-SYN_Flood,6,36673.113579,60.0,0.000027,0.058594,0.036673,0.0,1.0,TCP,bajo
DDoS-SYN_Flood,6,5690.278117,60.0,0.000176,0.058594,0.00569,0.0,1.0,TCP,medio
DDoS-SYN_Flood,6,49507.837583,60.0,0.00002,0.058594,0.049508,0.0,1.0,TCP,bajo
DDoS-SYN_Flood,6,26455.809259,60.32,0.000038,0.058906,0.026456,0.05305,0.99,DNS,bajo
DDoS-SYN_Flood,6,25195.554755,60.0,0.00004,0.058594,0.025196,0.0,1.0,TCP,bajo
DDoS-SYN_Flood,6,25879.582896,61.17,0.000039,0.059736,0.02588,0.19127,0.99,DNS,bajo
DDoS-SYN_Flood,6,21584.520379,60.0,0.000046,0.058594,0.021585,0.0,1.0,TCP,medio
DDoS-SYN_Flood,6,22451.043785,60.0,0.000045,0.058594,0.022451,0.0,1.0,TCP,medio
DDoS-SYN_Flood,6,23724.780813,60.0,0.000042,0.058594,0.023725,0.0,0.99,TCP,medio
DDoS-SYN_Flood,6,34222.454308,60.0,0.000029,0.058594,0.034222,0.0,1.0,TCP,bajo
DDoS-SYN_Flood,6,41084.376531,60.0,0.000024,0.058594,0.041084,0.0,0.99,TCP,bajo
DDoS-SYN_Flood,6,34003.275233,60.0,0.000029,0.058594,0.034003,0.0,1.0,TCP,bajo
DDoS-SYN_Flood,6,33827.760303,60.0,0.00003,0.058594,0.033828,0.0,1.0,TCP,bajo
DDoS-SYN_Flood,6,18331.748252,60.0,0.000058,0.058594,0.018332,0.0,1.0,TCP,medio
DDoS-SYN_Flood,6,44016.203169,60.0,0.000023,0.058594,0.044016,0.0,1.0,TCP,bajo
DDoS-SYN_Flood,6,53247.480005,60.0,0.000019,0.058594,0.053247,0.0,1.0,TCP,bajo
DDoS-SYN_Flood,6,46448.54928,60.0,0.000022,0.058594,0.046449,0.0,1.0,TCP,bajo
DDoS-SYN_Flood,6,30375.89803,60.0,0.000033,0.058594,0.030376,0.0,1.0,TCP,bajo
DDoS-SYN_Flood,6,10120.413088,60.0,0.000099,0.058594,0.01012,0.0,1.0,TCP,medio
DDoS-SYN_Flood,6,46315.194346,60.0,0.000022,0.058594,0.046315,0.0,1.0,TCP,bajo
DDoS-SYN_Flood,6,10258.533483,60.0,0.0001,0.058594,0.010259,0.0,0.99,TCP,medio
DDoS-SYN_Flood,6,41286.583325,60.0,0.000024,0.058594,0.041287,0.0,1.0,TCP,bajo
DDoS-SYN_Flood,6,10300.859571,60.0,0.000097,0.058594,0.010301,0.0,0.99,TCP,medio
DDoS-SYN_Flood,6,300236.5068,60.0,0.000003,0.058594,0.300237,0.0,1.0,TCP,bajo
DDoS-SYN_Flood,6,42860.249336,60.0,0.000023,0.058594,0.04286,0.0,1.0,TCP,bajo
DDoS-SYN_Flood,6,18913.708514,60.0,0.000053,0.058594,0.018914,0.0,1.0,TCP,medio
DDoS-SYN_Flood,6,39999.084494,60.0,0.000025,0.058594,0.039999,0.0,1.0,TCP,bajo
DDoS-SYN_Flood,6,44863.664563,60.0,0.000022,0.058594,0.044864,0.0,1.0,TCP,bajo
DDoS-SYN_Flood,6,50969.789768,60.0,0.00002,0.058594,0.05097,0.0,1.01,TCP,bajo
DDoS-SYN_Flood,6,18359.030027,60.0,0.000054,0.058594,0.018359,0.0,1.0,TCP,medio
DDoS-SYN_Flood,6,17574.390346,60.0,0.000072,0.058594,0.017574,0.0,1.0,TCP,medio
DDoS-SYN_Flood,6,96243.781551,60.0,0.00001,0.058594,0.096244,0.0,1.0,TCP,bajo
DDoS-SYN_Flood,6,34830.626142,60.0,0.000029,0.058594,0.034831,0.0,1.0,TCP,bajo
DDoS-SYN_Flood,6,42001.84258,60.0,0.000024,0.058594,0.042002,0.0,1.0,TCP,bajo
DDoS-SYN_Flood,6,26247.209011,60.1,0.000038,0.058691,0.026247,0.016639,0.99,DNS,bajo
DDoS-SYN_Flood,6,9655.395948,60.0,0.000104,0.058594,0.009655,0.0,1.0,TCP,medio
DDoS-SYN_Flood,6,46402.30114,60.0,0.000022,0.058594,0.046402,0.0,1.0,TCP,bajo
DDoS-SYN_Flood,6,33125.130311,60.0,0.00003,0.058594,0.033125,0.0,1.0,TCP,bajo
DDoS-SYN_Flood,6,44384.169312,60.0,0.000023,0.058594,0.044384,0.0,1.0,TCP,bajo
DDoS-SYN_Flood,6,34853.780954,60.0,0.000029,0.058594,0.034854,0.0,1.0,TCP,bajo
DDoS-SYN_Flood,6,24564.005857,60.0,0.000041,0.058594,0.024564,0.0,1.0,TCP,bajo
DDoS-SYN_Flood,6,23758.377705,60.0,0.000042,0.058594,0.023758,0.0,1.0,TCP,medio
DDoS-SYN_Flood,6,30610.888921,60.0,0.000033,0.058594,0.030611,0.0,1.0,TCP,bajo
DDoS-SYN_Flood,6,13394.341189,60.0,0.00008,0.058594,0.013394,0.0,1.0,TCP,medio
DDoS-SYN_Flood,6,14539.32335,60.0,0.000069,0.058594,0.014539,0.0,1.0,TCP,medio
DDoS-SYN_Flood,6,19142.458126,60.0,0.000052,0.058594,0.019142,0.0,1.0,TCP,medio
DDoS-SYN_Flood,6,26301.523798,60.0,0.000042,0.058594,0.026302,0.0,1.0,TCP,medio
DDoS-SYN_Flood,6,18663.747608,60.0,0.000054,0.058594,0.018664,0.0,1.0,TCP,medio
DDoS-SYN_Flood,6,5930.524292,60.0,0.000169,0.058594,0.005931,0.0,0.97,TCP,medio
DDoS-SYN_Flood,6,30544.013982,60.0,0.000033,0.058594,0.030544,0.0,1.0,TCP,bajo
DDoS-SYN_Flood,6,25438.524988,61.7,0.000039,0.060254,0.025439,0.275527,0.99,TCP,bajo
DDoS-SYN_Flood,6,26623.740003,60.0,0.000038,0.058594,0.026624,0.0,1.0,TCP,bajo
DDoS-SYN_Flood,6,6207.713939,60.0,0.000161,0.058594,0.006208,0.0,1.0,TCP,medio
DDoS-SYN_Flood,6,36061.422062,60.0,0.000028,0.058594,0.036061,0.0,1.0,TCP,bajo
DDoS-SYN_Flood,6,20321.24031,60.0,0.000049,0.058594,0.020321,0.0,1.0,TCP,medio
DDoS-SYN_Flood,6,47619.255223,60.0,0.000021,0.058594,0.047619,0.0,1.0,TCP,bajo
DDoS-SYN_Flood,6,15053.310842,60.0,0.000066,0.058594,0.015053,0.0,0.99,TCP,medio
DDoS-SYN_Flood,6,16695.076225,60.67,0.000065,0.059248,0.016695,0.110433,1.01,HTTPS,medio
DDoS-SYN_Flood,6,2594.232982,63.22,0.000385,0.061738,0.002594,0.499836,1.01,HTTPS,medio
DDoS-SYN_Flood,6,6507.034038,62.09,0.000154,0.060635,0.006507,0.307226,0.98,DNS,medio
DDoS-SYN_Flood,6,34292.404546,60.0,0.000029,0.058594,0.034292,0.0,1.0,TCP,bajo
DDoS-SYN_Flood,6,18365.461074,60.39,0.000054,0.058975,0.018365,0.047242,0.99,HTTP,medio
DDoS-SYN_Flood,6,39587.579047,60.0,0.000025,0.058594,0.039588,0.0,1.0,TCP,bajo
DDoS-SYN_Flood,6,10121.389961,60.53,0.000099,0.059111,0.010121,0.08756,1.01,HTTPS,medio
DDoS-SYN_Flood,6,134605.391528,60.0,0.000008,0.058594,0.134605,0.0,1.0,TCP,bajo
DDoS-SYN_Flood,6,5073.795756,62.62,0.000197,0.061152,0.005074,0.315261,0.99,HTTPS,medio
DDoS-SYN_Flood,6,15344.640375,66.93,0.000065,0.065361,0.015345,0.699349,0.98,HTTP,medio
DDoS-SYN_Flood,6,24643.384254,60.0,0.000041,0.058594,0.024643,0.0,1.0,TCP,bajo
DDoS-SYN_Flood,6,75355.80309,60.0,0.000013,0.058594,0.075356,0.0,1.0,TCP,bajo
DDoS-SYN_Flood,6,19470.355584,60.0,0.000052,0.058594,0.01947,0.0,1.0,TCP,medio
DDoS-SYN_Flood,6,8929.370689,60.0,0.000112,0.058594,0.008929,0.0,0.98,TCP,medio
DDoS-SYN_Flood,6,4236.542327,60.0,0.000238,0.058594,0.004237,0.0,1.0,TCP,medio
DDoS-SYN_Flood,6,14819.291241,60.0,0.000068,0.058594,0.014819,0.0,0.99,TCP,medio
DDoS-SYN_Flood,6,28145.9133,60.0,0.000036,0.058594,0.028146,0.0,1.0,TCP,bajo
DDoS-SYN_Flood,6,38402.343893,60.0,0.000026,0.058594,0.038402,0.0,1.0,TCP,bajo
DDoS-SYN_Flood,6,17452.269796,60.0,0.000057,0.058594,0.017452,0.0,1.0,TCP,medio
DDoS-SYN_Flood,6,36402.568998,60.0,0.000027,0.058594,0.036403,0.0,1.0,TCP,bajo
DDoS-SYN_Flood,6,47016.074431,60.0,0.000021,0.058594,0.047016,0.0,1.0,TCP,bajo
DDoS-SYN_Flood,6,26933.17922,60.0,0.000043,0.058594,0.026933,0.0,1.0,TCP,medio
DDoS-SYN_Flood,6,37847.897491,62.12,0.000026,0.060664,0.037848,0.281228,0.98,DNS,bajo
DDoS-SYN_Flood,6,20943.246617,60.0,0.000048,0.058594,0.020943,0.0,1.0,TCP,medio
DDoS-SYN_Flood,6,56088.579834,60.0,0.000018,0.058594,0.056089,0.0,1.0,TCP,bajo
DDoS-SYN_Flood,6,32042.047364,60.0,0.000031,0.058594,0.032042,0.0,1.0,TCP,bajo
DDoS-SYN_Flood,6,33659.449482,60.61,0.00003,0.059189,0.033659,0.100643,0.99,DNS,bajo
DDoS-SYN_Flood,6,30666.842144,60.0,0.000033,0.058594,0.030667,0.0,1.0,TCP,bajo
DDoS-SYN_Flood,6,31927.411129,60.0,0.000031,0.058594,0.031927,0.0,1.0,TCP,bajo
DDoS-SYN_Flood,6,30901.819789,60.0,0.000032,0.058594,0.030902,0.0,1.0,TCP,bajo
DDoS-SYN_Flood,6,39431.268215,60.06,0.000025,0.058652,0.039431,0.00999,1.0,HTTP,bajo
DDoS-SYN_Flood,6,38699.981546,60.0,0.000026,0.058594,0.0387,0.0,1.0,TCP,bajo
DDoS-SYN_Flood,6,46577.501388,60.0,0.000021,0.058594,0.046578,0.0,1.0,TCP,bajo
DDoS-SYN_Flood,6,53883.658787,60.0,0.000019,0.058594,0.053884,0.0,1.0,TCP,bajo
DDoS-SYN_Flood,6,25739.822031,60.0,0.000039,0.058594,0.02574,0.0,1.0,TCP,bajo
DDoS-SYN_Flood,6,14296.001909,60.0,0.00007,0.058594,0.014296,0.0,1.0,TCP,medio
DDoS-SYN_Flood,6,3649.918636,60.0,0.000274,0.058594,0.00365,0.0,1.01,TCP,medio
DDoS-SYN_Flood,6,7605.12774,61.7,0.000132,0.060254,0.007605,0.275527,0.98,TCP,medio
DDoS-SYN_Flood,6,52461.588493,60.38,0.000019,0.058965,0.052462,0.062935,0.99,TCP,bajo
DDoS-SYN_Flood,6,35575.09754,60.0,0.000028,0.058594,0.035575,0.0,1.0,TCP,bajo
DDoS-SYN_Flood,6,42698.808918,61.58,0.000023,0.060137,0.042699,0.256577,0.99,TCP,bajo
DDoS-SYN_Flood,6,45894.561768,60.0,0.000022,0.058594,0.045895,0.0,1.0,TCP,bajo
DDoS-SYN_Flood,6,10072.534281,62.9,0.000099,0.061426,0.010073,0.311971,1.0,HTTPS,medio
DDoS-SYN_Flood,6,47393.265537,60.0,0.000043,0.058594,0.047393,0.0,1.0,TCP,medio
DDoS-SYN_Flood,6,9417.994836,60.0,0.000106,0.058594,0.009418,0.0,1.0,TCP,medio
DDoS-SYN_Flood,6,101213.899614,60.0,0.00001,0.058594,0.101214,0.0,1.0,TCP,bajo
DDoS-SYN_Flood,6,15513.774227,60.0,0.000064,0.058594,0.015514,0.0,1.0,TCP,medio
DDoS-SYN_Flood,6,22738.284723,62.39,0.000044,0.060928,0.022738,0.383074,0.99,TCP,medio
DDoS-SYN_Flood,6,20588.572551,62.81,0.000049,0.061338,0.020589,0.447381,0.99,DNS,medio
DDoS-SYN_Flood,6,13161.491151,60.26,0.000076,0.058848,0.013161,0.043146,0.98,DNS,medio
DDoS-SYN_Flood,6,49067.664951,62.08,0.00002,0.060625,0.049068,0.325433,1.01,HTTP,bajo
DDoS-SYN_Flood,6,19372.333841,60.0,0.000052,0.058594,0.019372,0.0,1.0,TCP,medio
DDoS-SYN_Flood,6,10056.353697,60.0,0.000099,0.058594,0.010056,0.0,1.0,TCP,medio
DDoS-SYN_Flood,6,18673.718891,60.06,0.000054,0.058652,0.018674,0.00999,1.01,HTTPS,medio
DDoS-SYN_Flood,6,24771.46232,60.0,0.00004,0.058594,0.024771,0.0,1.0,TCP,bajo
DDoS-SYN_Flood,6,15349.694419,60.0,0.000065,0.058594,0.01535,0.0,1.0,TCP,medio
DDoS-SYN_Flood,6,34830.626142,60.0,0.000029,0.058594,0.034831,0.0,1.0,TCP,bajo
DDoS-SYN_Flood,6,13333.452014,60.0,0.000075,0.058594,0.013333,0.0,1.0,TCP,medio
DDoS-SYN_Flood,6,24003.113197,60.0,0.000054,0.058594,0.024003,0.0,1.0,TCP,medio
DDoS-SYN_Flood,6,13596.239748,60.18,0.000074,0.05877,0.013596,0.02991,1.0,HTTPS,medio
DDoS-SYN_Flood,6,26757.920255,60.0,0.000037,0.058594,0.026758,0.0,1.0,TCP,bajo
DDoS-SYN_Flood,6,4217.118612,75.98,0.000237,0.074199,0.004217,1.230076,0.95,HTTP,medio
DDoS-SYN_Flood,6,24821.304296,60.0,0.00004,0.058594,0.024821,0.0,1.0,TCP,bajo
DDoS-SYN_Flood,6,30255.384837,60.12,0.000033,0.058711,0.030255,0.014042,1.01,HTTPS,bajo
DDoS-SYN_Flood,6,104491.878426,60.0,0.00001,0.058594,0.104492,0.0,1.0,TCP,bajo
DDoS-SYN_Flood,6,24066.467753,60.0,0.000042,0.058594,0.024066,0.0,1.0,TCP,medio
DDoS-SYN_Flood,6,8007.606102,60.0,0.000125,0.058594,0.008008,0.0,1.0,TCP,medio
DDoS-SYN_Flood,6,33036.42092,60.0,0.00003,0.058594,0.033036,0.0,1.0,TCP,bajo
DDoS-SYN_Flood,6,30702.759681,60.12,0.000033,0.058711,0.030703,0.014042,1.01,HTTP,bajo
DDoS-SYN_Flood,6,27980.680454,60.0,0.000036,0.058594,0.027981,0.0,1.0,TCP,bajo
DDoS-SYN_Flood,6,4864.314708,60.76,0.000206,0.059336,0.004864,0.074678,0.95,DNS,medio
DDoS-SYN_Flood,6,12600.805143,60.0,0.000079,0.058594,0.012601,0.0,0.99,TCP,medio
DDoS-SYN_Flood,6,6108.802796,60.23,0.000166,0.058818,0.006109,0.038187,0.99,DNS,medio
DDoS-SYN_Flood,6,8936.600332,60.0,0.000112,0.058594,0.008937,0.0,1.0,TCP,medio
DDoS-SYN_Flood,6,9920.772033,60.0,0.000101,0.058594,0.009921,0.0,1.0,TCP,medio
DDoS-SYN_Flood,6,21141.710772,60.14,0.000047,0.05873,0.021142,0.023279,1.01,HTTP,medio
DDoS-SYN_Flood,6,31240.160882,60.0,0.000032,0.058594,0.03124,0.0,1.0,TCP,bajo
DDoS-SYN_Flood,6,16313.266695,60.0,0.000061,0.058594,0.016313,0.0,1.0,TCP,medio
DDoS-SYN_Flood,6,2832.879007,60.0,0.000353,0.058594,0.002833,0.0,0.97,TCP,medio
DDoS-SYN_Flood,6,27159.904164,60.0,0.000037,0.058594,0.02716,0.0,1.0,TCP,bajo
DDoS-SYN_Flood,6,41630.808933,60.0,0.000024,0.058594,0.041631,0.0,1.0,TCP,bajo
DDoS-SYN_Flood,6,33659.449482,60.0,0.00003,0.058594,0.033659,0.0,1.0,TCP,bajo
DDoS-SYN_Flood,6,18545.737531,60.0,0.000054,0.058594,0.018546,0.0,1.0,TCP,medio
DDoS-SYN_Flood,6,17373.473614,60.0,0.000058,0.058594,0.017373,0.0,1.0,TCP,medio
DDoS-SYN_Flood,6,43177.928763,60.0,0.000023,0.058594,0.043178,0.0,1.0,TCP,bajo
DDoS-SYN_Flood,6,31557.474983,60.0,0.000032,0.058594,0.031557,0.0,1.0,TCP,bajo
DDoS-SYN_Flood,6,41750.985467,60.0,0.000025,0.058594,0.041751,0.0,1.0,TCP,bajo
DDoS-SYN_Flood,6,24796.358262,60.0,0.00004,0.058594,0.024796,0.0,1.0,TCP,bajo
DDoS-SYN_Flood,6,30194.399251,60.0,0.000033,0.058594,0.030194,0.0,1.0,TCP,bajo
DDoS-SYN_Flood,6,19580.337052,60.0,0.000054,0.058594,0.01958,0.0,0.99,TCP,medio
DDoS-SYN_Flood,6,16369.293213,60.0,0.000061,0.058594,0.016369,0.0,1.0,TCP,medio
DDoS-SYN_Flood,6,16079.987732,60.0,0.000062,0.058594,0.01608,0.0,1.0,TCP,medio
DDoS-SYN_Flood,6,5588.158333,60.06,0.000179,0.058652,0.005588,0.00999,0.99,HTTP,medio
DDoS-SYN_Flood,6,20605.767625,60.0,0.000049,0.058594,0.020606,0.0,1.0,TCP,medio
DDoS-SYN_Flood,6,18839.796973,60.06,0.000054,0.058652,0.01884,0.00999,0.99,HTTPS,medio
DDoS-SYN_Flood,6,13519.110395,60.0,0.000074,0.058594,0.013519,0.0,1.0,TCP,medio
DDoS-SYN_Flood,6,21886.370278,60.0,0.000046,0.058594,0.021886,0.0,1.0,TCP,medio
DDoS-SYN_Flood,6,41339.48354,60.0,0.000024,0.058594,0.041339,0.0,1.0,TCP,bajo
DDoS-SYN_Flood,6,50075.262655,60.0,0.000026,0.058594,0.050075,0.0,1.0,TCP,bajo
DDoS-SYN_Flood,6,26574.82101,60.0,0.000038,0.058594,0.026575,0.0,0.99,TCP,bajo
DDoS-SYN_Flood,6,46320.309221,60.0,0.000022,0.058594,0.04632,0.0,1.0,TCP,bajo
DDoS-SYN_Flood,6,30628.771725,60.0,0.000033,0.058594,0.030629,0.0,1.0,TCP,bajo
DDoS-SYN_Flood,6,53274.533215,60.0,0.000019,0.058594,0.053275,0.0,1.0,TCP,bajo
DDoS-SYN_Flood,6,35526.884635,60.0,0.000028,0.058594,0.035527,0.0,1.0,TCP,bajo
DDoS-SYN_Flood,6,34769.990881,60.0,0.000029,0.058594,0.03477,0.0,1.0,TCP,bajo
DDoS-SYN_Flood,6,56246.533458,60.0,0.000018,0.058594,0.056247,0.0,1.01,TCP,bajo
DDoS-SYN_Flood,6,44625.00266,60.0,0.000022,0.058594,0.044625,0.0,0.99,TCP,bajo
DDoS-SYN_Flood,6,22193.258903,60.26,0.000045,0.058848,0.022193,0.043146,0.99,DNS,medio
DDoS-SYN_Flood,6,46402.30114,60.0,0.000022,0.058594,0.046402,0.0,1.0,TCP,bajo
DDoS-SYN_Flood,6,21366.805909,60.0,0.000047,0.058594,0.021367,0.0,1.0,TCP,medio
DDoS-SYN_Flood,6,19968.121876,61.9,0.00005,0.060449,0.019968,0.252512,0.98,TCP,medio
DDoS-SYN_Flood,6,44016.203169,60.02,0.000023,0.058613,0.044016,0.003332,1.01,HTTPS,bajo
DDoS-SYN_Flood,6,11715.278476,60.0,0.000085,0.058594,0.011715,0.0,1.0,TCP,medio
DDoS-SYN_Flood,6,17718.418385,60.14,0.000056,0.05873,0.017718,0.023279,1.0,TCP,medio
DDoS-SYN_Flood,6,112993.103448,60.0,0.00001,0.058594,0.112993,0.0,1.0,TCP,bajo
DDoS-SYN_Flood,6,104387.854654,60.0,0.00001,0.058594,0.104388,0.0,1.0,TCP,bajo
DDoS-SYN_Flood,6,38081.568912,60.0,0.000027,0.058594,0.038082,0.0,1.0,TCP,bajo
DDoS-SYN_Flood,6,25018.216523,60.0,0.00004,0.058594,0.025018,0.0,1.0,TCP,bajo
DDoS-SYN_Flood,6,101532.413459,60.0,0.00001,0.058594,0.101532,0.0,1.0,TCP,bajo
DDoS-SYN_Flood,6,52765.17801,60.0,0.000019,0.058594,0.052765,0.0,1.0,TCP,bajo
DDoS-SYN_Flood,6,14450.659776,60.0,0.000069,0.058594,0.014451,0.0,1.0,TCP,medio
DDoS-SYN_Flood,6,9298.771782,60.0,0.000108,0.058594,0.009299,0.0,1.0,TCP,medio
DDoS-SYN_Flood,6,39888.768426,60.0,0.000025,0.058594,0.039889,0.0,1.0,TCP,bajo
DDoS-SYN_Flood,6,42992.04592,60.0,0.000023,0.058594,0.042992,0.0,1.0,TCP,bajo
DDoS-SYN_Flood,6,47079.402851,60.0,0.000021,0.058594,0.047079,0.0,1.0,TCP,bajo
DDoS-SYN_Flood,6,31277.43475,60.0,0.00005,0.058594,0.031277,0.0,0.99,TCP,medio
DDoS-SYN_Flood,6,33367.573588,60.42,0.00003,0.059004,0.033368,0.046882,0.99,HTTP,bajo
DDoS-SYN_Flood,6,17167.256058,60.69,0.000058,0.059268,0.017167,0.104176,1.02,TCP,medio
DDoS-SYN_Flood,6,29454.382022,60.0,0.000034,0.058594,0.029454,0.0,1.0,TCP,bajo
DDoS-SYN_Flood,6,14283.830541,60.0,0.00007,0.058594,0.014284,0.0,1.0,TCP,medio
DDoS-SYN_Flood,6,38314.643281,60.0,0.000027,0.058594,0.038315,0.0,1.0,TCP,bajo
DDoS-SYN_Flood,6,16178.607522,60.0,0.000062,0.058594,0.016179,0.0,1.0,TCP,medio
DDoS-SYN_Flood,6,32961.131631,60.0,0.00003,0.058594,0.032961,0.0,1.0,TCP,bajo
DDoS-SYN_Flood,6,27294.227891,60.0,0.000037,0.058594,0.027294,0.0,1.0,TCP,bajo
DDoS-SYN_Flood,6,9092.553491,60.0,0.00011,0.058594,0.009093,0.0,1.0,TCP,medio
DDoS-SYN_Flood,6,38742.878256,60.14,0.000029,0.05873,0.038743,0.023279,1.0,HTTP,bajo
DDoS-SYN_Flood,6,36456.358105,60.0,0.000027,0.058594,0.036456,0.0,1.0,TCP,bajo
DDoS-SYN_Flood,6,14096.605498,60.0,0.000071,0.058594,0.014097,0.0,1.0,TCP,medio
DDoS-SYN_Flood,6,20370.587664,60.0,0.000049,0.058594,0.020371,0.0,1.0,TCP,medio
DDoS-SYN_Flood,6,6035.317141,60.06,0.000166,0.058652,0.006035,0.00999,1.0,HTTPS,medio
DDoS-SYN_Flood,6,35496.817874,60.0,0.000028,0.058594,0.035497,0.0,1.0,TCP,bajo
DDoS-SYN_Flood,6,26730.635396,60.0,0.000037,0.058594,0.026731,0.0,0.99,TCP,bajo
DDoS-SYN_Flood,6,4942.150163,60.0,0.000202,0.058594,0.004942,0.0,1.0,TCP,medio
DDoS-SYN_Flood,6,36685.944197,60.0,0.000027,0.058594,0.036686,0.0,1.0,TCP,bajo
DDoS-SYN_Flood,6,33209.057799,60.0,0.00003,0.058594,0.033209,0.0,1.0,TCP,bajo
DDoS-SYN_Flood,6,5026.6101,60.14,0.000199,0.05873,0.005027,0.023279,1.0,HTTPS,medio
DDoS-SYN_Flood,6,11785.394363,60.0,0.000085,0.058594,0.011785,0.0,1.0,Telnet,medio
DDoS-SYN_Flood,6,14547.391787,60.0,0.000069,0.058594,0.014547,0.0,0.99,TCP,medio
DDoS-SYN_Flood,6,20088.624934,60.0,0.00005,0.058594,0.020089,0.0,1.01,TCP,medio
DDoS-SYN_Flood,6,33956.476684,60.0,0.000029,0.058594,0.033956,0.0,1.0,TCP,bajo
DDoS-SYN_Flood,6,14357.171219,60.0,0.00007,0.058594,0.014357,0.0,1.0,TCP,medio
DDoS-SYN_Flood,6,27232.20361,60.14,0.000037,0.05873,0.027232,0.023279,1.01,HTTPS,bajo
DDoS-SYN_Flood,6,37895.771594,60.0,0.000026,0.058594,0.037896,0.0,1.0,TCP,bajo
DDoS-SYN_Flood,6,34807.502075,60.0,0.000029,0.058594,0.034808,0.0,1.0,TCP,bajo
DDoS-SYN_Flood,6,105384.522613,60.0,0.000009,0.058594,0.105385,0.0,1.0,TCP,bajo
DDoS-SYN_Flood,6,6521.501982,60.12,0.000154,0.058711,0.006522,0.014042,1.01,HTTP,medio
DDoS-SYN_Flood,6,29576.926874,60.0,0.000034,0.058594,0.029577,0.0,0.99,TCP,bajo
DDoS-SYN_Flood,6,34376.723219,60.0,0.000029,0.058594,0.034377,0.0,1.0,TCP,bajo
DDoS-SYN_Flood,6,29850.572913,60.0,0.000034,0.058594,0.029851,0.0,1.01,TCP,bajo
DDoS-SYN_Flood,6,35063.567965,60.0,0.000029,0.058594,0.035064,0.0,1.01,TCP,bajo
DDoS-SYN_Flood,6,20400.311284,60.0,0.000049,0.058594,0.0204,0.0,1.0,TCP,medio
DDoS-SYN_Flood,6,4352.563198,64.73,0.00023,0.063213,0.004353,0.526322,0.96,HTTP,medio
DDoS-SYN_Flood,6,26061.289922,60.0,0.000038,0.058594,0.026061,0.0,1.0,TCP,bajo
DDoS-SYN_Flood,6,8273.931312,60.96,0.000121,0.059531,0.008274,0.15748,0.98,DNS,medio
DDoS-SYN_Flood,6,24296.495395,60.0,0.000043,0.058594,0.024296,0.0,1.0,TCP,medio
DDoS-SYN_Flood,6,51845.537701,60.0,0.000019,0.058594,0.051846,0.0,1.0,TCP,bajo
DDoS-SYN_Flood,6,23169.110092,60.0,0.000043,0.058594,0.023169,0.0,1.0,TCP,medio
DDoS-SYN_Flood,6,103845.110176,60.0,0.00001,0.058594,0.103845,0.0,1.0,TCP,bajo
DDoS-SYN_Flood,6,76273.940716,60.0,0.000013,0.058594,0.076274,0.0,1.0,TCP,bajo
DDoS-SYN_Flood,6,4493.19107,63.32,0.000223,0.061836,0.004493,0.362063,1.01,HTTP,medio
DDoS-SYN_Flood,6,54464.40722,60.0,0.000018,0.058594,0.054464,0.0,1.0,TCP,bajo
DDoS-SYN_Flood,6,46510.357064,117.9,0.000022,0.115137,0.04651,4.421727,1.02,HTTPS,bajo
DDoS-SYN_Flood,6,9862.916804,60.0,0.000101,0.058594,0.009863,0.0,0.99,TCP,medio
DDoS-SYN_Flood,6,27909.928134,60.0,0.000036,0.058594,0.02791,0.0,1.0,TCP,bajo
DDoS-SYN_Flood,6,43667.922957,60.0,0.000023,0.058594,0.043668,0.0,1.0,TCP,bajo
DDoS-SYN_Flood,6,11615.996455,60.0,0.000086,0.058594,0.011616,0.0,1.0,TCP,medio
DDoS-SYN_Flood,6,35210.745467,60.0,0.000028,0.058594,0.035211,0.0,1.0,TCP,bajo
DDoS-SYN_Flood,6,21385.326059,60.0,0.000047,0.058594,0.021385,0.0,1.0,TCP,medio
DDoS-SYN_Flood,6,35766.214718,60.0,0.000028,0.058594,0.035766,0.0,1.0,TCP,bajo
DDoS-SYN_Flood,6,46510.357064,60.0,0.000022,0.058594,0.04651,0.0,1.0,TCP,bajo
DDoS-SYN_Flood,6,1252.958608,64.97,0.000798,0.063447,0.001253,0.472881,0.99,HTTP,medio
DDoS-SYN_Flood,6,47329.090499,60.0,0.000021,0.058594,0.047329,0.0,1.01,TCP,bajo
DDoS-SYN_Flood,6,6168.638409,60.0,0.000162,0.058594,0.006169,0.0,0.98,TCP,medio
DDoS-SYN_Flood,6,28210.277105,60.0,0.000035,0.058594,0.02821,0.0,1.0,TCP,bajo
DDoS-SYN_Flood,6,45934.771657,60.0,0.000022,0.058594,0.045935,0.0,1.0,TCP,bajo
DDoS-SYN_Flood,6,20317.302848,60.0,0.000049,0.058594,0.020317,0.0,1.0,TCP,medio
DDoS-SYN_Flood,6,40403.660534,60.0,0.000025,0.058594,0.040404,0.0,1.0,TCP,bajo
DDoS-SYN_Flood,6,25712.996567,60.37,0.000039,0.058955,0.025713,0.061289,1.01,HTTPS,bajo
DDoS-SYN_Flood,6,23143.541356,60.0,0.000043,0.058594,0.023144,0.0,0.99,TCP,medio
DDoS-SYN_Flood,6,24796.358262,66.03,0.000041,0.064482,0.024796,0.913221,1.01,HTTPS,bajo
DDoS-SYN_Flood,6,9002.584246,60.13,0.000111,0.058721,0.009003,0.02162,0.99,TCP,medio
DDoS-SYN_Flood,6,17167.256058,61.4,0.000058,0.059961,0.017167,0.145838,1.03,TCP,medio
DDoS-SYN_Flood,6,24402.513381,60.0,0.000041,0.058594,0.024403,0.0,1.0,TCP,bajo
DDoS-SYN_Flood,6,33146.072388,60.0,0.000044,0.058594,0.033146,0.0,1.0,TCP,medio
DDoS-SYN_Flood,6,23299.1001,60.0,0.000043,0.058594,0.023299,0.0,1.0,TCP,medio
DDoS-SYN_Flood,6,20868.2223,61.54,0.000048,0.060098,0.020868,0.250244,0.99,TCP,medio
DDoS-SYN_Flood,6,32917.155863,60.0,0.00003,0.058594,0.032917,0.0,1.0,TCP,bajo
DDoS-SYN_Flood,6,8244.656301,60.14,0.000121,0.05873,0.008245,0.023279,1.0,HTTPS,medio
DDoS-SYN_Flood,6,41825.927403,60.0,0.000024,0.058594,0.041826,0.0,1.0,TCP,bajo
DDoS-SYN_Flood,6,51125.109703,60.0,0.00002,0.058594,0.051125,0.0,1.0,TCP,bajo
DDoS-SYN_Flood,6,12125.770454,60.63,0.000082,0.059209,0.012126,0.103909,1.01,TCP,medio
DDoS-SYN_Flood,6,25879.582896,60.12,0.000039,0.058711,0.02588,0.014042,1.01,HTTPS,bajo
DDoS-SYN_Flood,6,24038.881247,60.0,0.000042,0.058594,0.024039,0.0,1.0,TCP,medio
DDoS-SYN_Flood,6,49825.421715,60.0,0.00002,0.058594,0.049825,0.0,1.0,TCP,bajo
DDoS-SYN_Flood,6,6268.013629,60.0,0.00016,0.058594,0.006268,0.0,1.0,TCP,medio
DDoS-SYN_Flood,6,11381.791539,60.06,0.000088,0.058652,0.011382,0.00999,1.0,HTTPS,medio
DDoS-SYN_Flood,6,50351.788715,60.0,0.00002,0.058594,0.050352,0.0,1.0,TCP,bajo
DDoS-SYN_Flood,6,5667.978378,60.0,0.000176,0.058594,0.005668,0.0,1.0,TCP,medio
DDoS-SYN_Flood,6,5493.018322,60.0,0.000182,0.058594,0.005493,0.0,1.0,TCP,medio
DDoS-SYN_Flood,6,7463.83842,61.32,0.000134,0.059883,0.007464,0.215264,1.01,HTTPS,medio
DDoS-SYN_Flood,6,35137.002597,60.12,0.000028,0.058711,0.035137,0.014042,1.0,HTTPS,bajo
DDoS-SYN_Flood,6,25720.880603,60.0,0.000039,0.058594,0.025721,0.0,1.0,TCP,bajo
DDoS-SYN_Flood,6,5408.027644,60.77,0.000185,0.059346,0.005408,0.105971,1.02,HTTP,medio
DDoS-SYN_Flood,6,1582.881662,73.95,0.000632,0.072217,0.001583,0.733168,0.99,HTTP,medio
DDoS-SYN_Flood,6,32604.975124,60.0,0.000031,0.058594,0.032605,0.0,1.0,TCP,bajo
DDoS-SYN_Flood,6,6188.936271,60.0,0.000162,0.058594,0.006189,0.0,1.0,TCP,medio
DDoS-SYN_Flood,6,29850.572913,60.0,0.000034,0.058594,0.029851,0.0,1.0,TCP,bajo
DDoS-SYN_Flood,6,4730.827102,61.28,0.000211,0.059844,0.004731,0.205607,1.01,HTTPS,medio
DDoS-SYN_Flood,6,6404.984348,60.0,0.000156,0.058594,0.006405,0.0,1.0,TCP,medio
DDoS-SYN_Flood,6,36336.342372,60.0,0.000028,0.058594,0.036336,0.0,1.0,TCP,bajo
DDoS-SYN_Flood,6,18149.303332,60.0,0.000055,0.058594,0.018149,0.0,1.0,TCP,medio
DDoS-SYN_Flood,6,8666.991776,60.0,0.000115,0.058594,0.008667,0.0,1.0,TCP,medio
DDoS-SYN_Flood,6,19852.813935,60.0,0.000054,0.058594,0.019853,0.0,0.99,TCP,medio
DDoS-SYN_Flood,6,7783.950709,60.14,0.000128,0.05873,0.007784,0.023279,1.0,HTTPS,medio
DDoS-SYN_Flood,6,39383.13615,60.0,0.000025,0.058594,0.039383,0.0,1.0,TCP,bajo
DDoS-SYN_Flood,6,43124.655562,60.0,0.000023,0.058594,0.043125,0.0,1.0,TCP,bajo
DDoS-SYN_Flood,6,35907.062751,60.0,0.000028,0.058594,0.035907,0.0,1.0,TCP,bajo
DDoS-SYN_Flood,6,7563.164253,60.06,0.000132,0.058652,0.007563,0.00999,1.0,HTTPS,medio
DDoS-SYN_Flood,6,52685.642507,60.0,0.000019,0.058594,0.052686,0.0,1.0,TCP,bajo
DDoS-SYN_Flood,6,38185.579024,60.0,0.000027,0.058594,0.038186,0.0,1.0,TCP,bajo
DDoS-SYN_Flood,6,36602.705297,60.18,0.000027,0.05877,0.036603,0.02991,1.0,HTTPS,bajo
DDoS-SYN_Flood,6,43137.961535,60.0,0.000023,0.058594,0.043138,0.0,1.0,TCP,bajo
DDoS-SYN_Flood,6,43343.019531,60.0,0.000023,0.058594,0.043343,0.0,1.0,TCP,bajo
DDoS-SYN_Flood,6,48782.32147,60.0,0.000021,0.058594,0.048782,0.0,1.0,TCP,bajo
DDoS-SYN_Flood,6,30192.225741,60.0,0.000033,0.058594,0.030192,0.0,0.99,TCP,bajo
DDoS-SYN_Flood,6,39338.81073,60.0,0.000025,0.058594,0.039339,0.0,1.0,TCP,bajo
DDoS-SYN_Flood,6,3224.031669,61.6,0.00031,0.060156,0.003224,0.237872,1.02,HTTPS,medio
DDoS-SYN_Flood,6,41185.231736,60.0,0.000024,0.058594,0.041185,0.0,1.0,TCP,bajo
DDoS-SYN_Flood,6,47825.587229,60.0,0.000021,0.058594,0.047826,0.0,1.0,TCP,bajo
DDoS-SYN_Flood,6,17096.580117,60.0,0.000058,0.058594,0.017097,0.0,1.0,TCP,medio
DDoS-SYN_Flood,6,36980.285664,60.0,0.000027,0.058594,0.03698,0.0,1.01,TCP,bajo
DDoS-SYN_Flood,6,6952.614915,60.0,0.000144,0.058594,0.006953,0.0,1.0,TCP,medio
DDoS-SYN_Flood,6,20973.617362,60.0,0.000048,0.058594,0.020974,0.0,1.0,TCP,medio
DDoS-SYN_Flood,6,30146.654208,60.0,0.000033,0.058594,0.030147,0.0,1.0,TCP,bajo
DDoS-SYN_Flood,6,29543.593717,60.0,0.000034,0.058594,0.029544,0.0,1.0,TCP,bajo
DDoS-SYN_Flood,6,4022.194306,60.0,0.000249,0.058594,0.004022,0.0,0.99,TCP,medio
DDoS-SYN_Flood,6,79543.030533,60.18,0.000013,0.05877,0.079543,0.02991,1.0,HTTPS,bajo
DDoS-SYN_Flood,6,37286.016535,60.0,0.000027,0.058594,0.037286,0.0,1.0,TCP,bajo
DDoS-SYN_Flood,6,36573.97977,60.0,0.000028,0.058594,0.036574,0.0,1.0,TCP,bajo
DDoS-SYN_Flood,6,92938.267228,60.0,0.000011,0.058594,0.092938,0.0,1.0,TCP,bajo
DDoS-SYN_Flood,6,17114.718244,60.0,0.000058,0.058594,0.017115,0.0,1.0,TCP,medio
DDoS-SYN_Flood,6,5357.873357,61.87,0.000198,0.06042,0.005358,0.163005,1.03,HTTPS,medio
DDoS-SYN_Flood,6,6021.540449,60.0,0.000166,0.058594,0.006022,0.0,1.0,TCP,medio
DDoS-SYN_Flood,6,31614.562448,60.06,0.000036,0.058652,0.031615,0.00999,1.0,HTTPS,bajo
DDoS-SYN_Flood,6,44882.867844,60.0,0.000022,0.058594,0.044883,0.0,1.0,TCP,bajo
DDoS-SYN_Flood,6,39386.834445,101.08,0.000025,0.098711,0.039387,3.09789,1.01,HTTPS,bajo
DDoS-SYN_Flood,6,32541.733261,60.0,0.000032,0.058594,0.032542,0.0,1.0,TCP,bajo
DDoS-SYN_Flood,6,25075.052311,60.0,0.00004,0.058594,0.025075,0.0,1.0,TCP,bajo
DDoS-SYN_Flood,6,20942.200919,60.0,0.000048,0.058594,0.020942,0.0,1.0,TCP,medio
DDoS-SYN_Flood,6,36628.277006,60.0,0.000027,0.058594,0.036628,0.0,1.0,TCP,bajo
DDoS-SYN_Flood,6,39049.473978,60.0,0.000026,0.058594,0.039049,0.0,1.0,TCP,bajo
DDoS-SYN_Flood,6,16387.8409,60.0,0.000061,0.058594,0.016388,0.0,1.0,TCP,medio
DDoS-SYN_Flood,6,25839.724002,60.0,0.000039,0.058594,0.02584,0.0,1.0,TCP,bajo
DDoS-SYN_Flood,6,50424.428949,60.0,0.00002,0.058594,0.050424,0.0,1.0,TCP,bajo
DDoS-SYN_Flood,6,9183.53477,60.0,0.000109,0.058594,0.009184,0.0,1.0,TCP,medio
DDoS-SYN_Flood,6,20259.402019,60.0,0.000049,0.058594,0.020259,0.0,1.0,TCP,medio
DDoS-SYN_Flood,6,18594.245689,61.7,0.000054,0.060254,0.018594,0.275527,0.99,TCP,medio
DDoS-SYN_Flood,6,13265.977164,60.38,0.000075,0.058965,0.013266,0.062935,0.98,TCP,medio
DDoS-SYN_Flood,6,61844.647597,60.0,0.000016,0.058594,0.061845,0.0,1.0,TCP,bajo
DDoS-SYN_Flood,6,17787.54877,60.14,0.000056,0.05873,0.017788,0.023279,1.01,TCP,medio
DDoS-SYN_Flood,6,51363.017389,60.0,0.00002,0.058594,0.051363,0.0,1.0,TCP,bajo
DDoS-SYN_Flood,6,28718.274564,60.0,0.000035,0.058594,0.028718,0.0,1.0,TCP,bajo
DDoS-SYN_Flood,6,34328.891799,60.0,0.000029,0.058594,0.034329,0.0,1.0,TCP,bajo
DDoS-SYN_Flood,6,27639.565074,60.0,0.000036,0.058594,0.02764,0.0,1.0,TCP,bajo
DDoS-SYN_Flood,6,14505.633754,64.19,0.000069,0.062686,0.014506,0.467482,0.99,HTTPS,medio
DDoS-SYN_Flood,6,10981.578258,60.0,0.000091,0.058594,0.010982,0.0,1.0,TCP,medio
DDoS-SYN_Flood,6,18416.263447,60.0,0.000055,0.058594,0.018416,0.0,1.0,TCP,medio
DDoS-SYN_Flood,6,28255.887901,60.0,0.000035,0.058594,0.028256,0.0,1.0,TCP,bajo
DDoS-SYN_Flood,6,17943.546524,60.0,0.000056,0.058594,0.017944,0.0,1.0,TCP,medio
DDoS-SYN_Flood,6,24009.983399,60.0,0.000042,0.058594,0.02401,0.0,1.0,TCP,medio
DDoS-SYN_Flood,6,29612.425868,60.0,0.000034,0.058594,0.029612,0.0,1.0,TCP,bajo
DDoS-SYN_Flood,6,10143.910225,60.0,0.000099,0.058594,0.010144,0.0,0.97,TCP,medio
DDoS-SYN_Flood,6,4350.666971,60.0,0.00023,0.058594,0.004351,0.0,1.0,TCP,medio
DDoS-SYN_Flood,6,13489.978129,60.0,0.000078,0.058594,0.01349,0.0,1.0,TCP,medio
DDoS-SYN_Flood,6,41302.845889,60.0,0.000024,0.058594,0.041303,0.0,0.99,TCP,bajo
DDoS-SYN_Flood,6,8619.967939,60.14,0.000116,0.05873,0.00862,0.023279,1.01,HTTPS,medio
DDoS-SYN_Flood,6,52911.618519,60.0,0.000019,0.058594,0.052912,0.0,1.0,TCP,bajo
DDoS-SYN_Flood,6,18642.179652,60.0,0.000054,0.058594,0.018642,0.0,0.99,TCP,medio
DDoS-SYN_Flood,6,42646.710727,60.0,0.000023,0.058594,0.042647,0.0,1.0,TCP,bajo
DDoS-SYN_Flood,6,19861.274742,61.91,0.00005,0.060459,0.019861,0.308512,0.99,TCP,medio
DDoS-SYN_Flood,6,12453.026929,60.0,0.00008,0.058594,0.012453,0.0,0.99,TCP,medio
DDoS-SYN_Flood,6,34845.094293,60.0,0.000029,0.058594,0.034845,0.0,1.0,TCP,bajo
DDoS-SYN_Flood,6,22696.450216,60.0,0.000044,0.058594,0.022696,0.0,1.0,TCP,medio
DDoS-SYN_Flood,6,48149.512111,60.0,0.000021,0.058594,0.04815,0.0,1.0,TCP,bajo
DDoS-SYN_Flood,6,18375.116096,60.0,0.000055,0.058594,0.018375,0.0,1.0,TCP,medio
DDoS-SYN_Flood,6,8325.004962,60.0,0.00012,0.058594,0.008325,0.0,1.0,TCP,medio
DDoS-SYN_Flood,6,35702.281239,60.63,0.000028,0.059209,0.035702,0.103909,1.01,TCP,bajo
DDoS-SYN_Flood,6,6711.852907,60.0,0.000149,0.058594,0.006712,0.0,1.0,TCP,medio
DDoS-SYN_Flood,6,17138.495485,60.0,0.000058,0.058594,0.017138,0.0,1.0,TCP,medio
DDoS-SYN_Flood,6,15103.723443,60.0,0.000066,0.058594,0.015104,0.0,1.0,TCP,medio
DDoS-SYN_Flood,6,53389.816701,60.0,0.000019,0.058594,0.05339,0.0,1.0,TCP,bajo
DDoS-SYN_Flood,6,32873.29728,60.0,0.00003,0.058594,0.032873,0.0,1.0,TCP,bajo
DDoS-SYN_Flood,6,18815.287996,60.0,0.000054,0.058594,0.018815,0.0,1.0,TCP,medio
DDoS-SYN_Flood,6,142663.401361,60.0,0.000007,0.058594,0.142663,0.0,1.0,TCP,bajo
DDoS-SYN_Flood,6,27464.012572,60.0,0.000036,0.058594,0.027464,0.0,1.0,TCP,bajo
DDoS-SYN_Flood,6,15165.433706,60.0,0.000066,0.058594,0.015165,0.0,1.0,TCP,medio
DDoS-SYN_Flood,6,5867.882875,62.16,0.00017,0.060703,0.005868,0.32552,1.02,HTTP,medio
DDoS-SYN_Flood,6,33354.306163,60.0,0.00003,0.058594,0.033354,0.0,1.0,TCP,bajo
DDoS-SYN_Flood,6,46837.565606,60.0,0.000021,0.058594,0.046838,0.0,1.0,TCP,bajo
DDoS-SYN_Flood,6,39464.65939,60.0,0.000025,0.058594,0.039465,0.0,1.0,TCP,bajo
DDoS-SYN_Flood,6,51999.801636,60.0,0.000019,0.058594,0.052,0.0,1.0,TCP,bajo
DDoS-SYN_Flood,6,58213.795975,60.0,0.000017,0.058594,0.058214,0.0,1.0,TCP,bajo
DDoS-SYN_Flood,6,22857.242507,60.0,0.000044,0.058594,0.022857,0.0,1.0,TCP,medio
DDoS-SYN_Flood,6,31878.878164,60.0,0.000033,0.058594,0.031879,0.0,1.0,TCP,bajo
DDoS-SYN_Flood,6,27345.833877,60.0,0.000037,0.058594,0.027346,0.0,1.0,TCP,bajo
DDoS-SYN_Flood,6,39938.145115,60.0,0.000025,0.058594,0.039938,0.0,1.0,TCP,bajo
DDoS-SYN_Flood,6,31796.709878,60.0,0.000031,0.058594,0.031797,0.0,1.0,TCP,bajo
DDoS-SYN_Flood,6,8784.250649,60.0,0.000114,0.058594,0.008784,0.0,1.0,TCP,medio
DDoS-SYN_Flood,6,24844.828812,60.0,0.00004,0.058594,0.024845,0.0,1.0,TCP,bajo
DDoS-SYN_Flood,6,29026.32526,60.0,0.000035,0.058594,0.029026,0.0,1.0,TCP,bajo
DDoS-SYN_Flood,6,16619.661608,60.0,0.00006,0.058594,0.01662,0.0,1.0,TCP,medio
DDoS-SYN_Flood,6,29816.620459,60.0,0.000034,0.058594,0.029817,0.0,1.0,TCP,bajo
DDoS-SYN_Flood,6,20162.015094,60.32,0.00005,0.058906,0.020162,0.044138,1.0,HTTP,medio
DDoS-SYN_Flood,6,40357.009526,60.0,0.000025,0.058594,0.040357,0.0,1.0,TCP,bajo
DDoS-SYN_Flood,6,19654.657919,61.7,0.000051,0.060254,0.019655,0.275527,0.99,TCP,medio
DDoS-SYN_Flood,6,96155.524989,60.0,0.00001,0.058594,0.096156,0.0,1.0,TCP,bajo
DDoS-SYN_Flood,6,30137.989509,60.14,0.000033,0.05873,0.030138,0.023279,1.0,TCP,bajo
DDoS-SYN_Flood,6,52109.628525,60.0,0.000019,0.058594,0.05211,0.0,1.0,TCP,bajo
DDoS-SYN_Flood,6,12268.351468,62.92,0.000082,0.061445,0.012268,0.343248,1.01,HTTPS,medio
DDoS-SYN_Flood,6,25124.619624,60.0,0.00004,0.058594,0.025125,0.0,1.0,TCP,bajo
DDoS-SYN_Flood,6,37522.848452,60.0,0.000029,0.058594,0.037523,0.0,1.0,TCP,bajo
DDoS-SYN_Flood,6,4482.29121,60.0,0.000225,0.058594,0.004482,0.0,1.0,TCP,medio
DDoS-SYN_Flood,6,44206.408094,60.0,0.000023,0.058594,0.044206,0.0,0.99,TCP,bajo
DDoS-SYN_Flood,6,45143.730492,60.0,0.000022,0.058594,0.045144,0.0,1.0,TCP,bajo
DDoS-SYN_Flood,6,3087.95241,60.0,0.000324,0.058594,0.003088,0.0,1.0,TCP,medio
DDoS-SYN_Flood,6,26427.471489,60.0,0.000038,0.058594,0.026427,0.0,1.0,TCP,bajo
